id;slug;produktname;marke;kategorie_slug;kategorie_name;preis_eur;alter_preis_eur;bewertung;anzahl_bewertungen;material;groesse_cm;waschbar;farben;typ;kurzbeschreibung;badge;bild_url_1;bild_url_2;bild_url_3;bild_alt_1;bild_alt_2;bild_alt_3;affiliate_url_amazon;affiliate_url_zooplus;affiliate_url_fressnapf;preis_amazon;preis_zooplus;preis_fressnapf;amazon_asin;besonderheiten;seo_title;seo_description
1;donut-katzenbett-pluesch-a;Donut Katzenbett Plüsch A;Bedsure;donut-katzenbetten;Donut Katzenbetten;14,76;;3.5;21;Baumwolle;50x50;Ja;Beige;Donut Katzenbetten;Weiches Donut-Katzenbett mit erhöhtem Rand für zusätzliche Sicherheit und Komfort. Ideal zum Kuscheln und Schlafen.;Bestseller;https://images.unsplash.com/photo-1615497001839-b0a0eac3274c?w=800&h=800&fit=crop&q=80;https://images.unsplash.com/photo-1573865526739-10659fec78a5?w=800&h=800&fit=crop&q=80;https://images.unsplash.com/photo-1514888286974-6c03e2ca1dba?w=800&h=800&fit=crop&q=80;Donut Katzenbett Plüsch A - Bild 1;Donut Katzenbett Plüsch A - Bild 2;Donut Katzenbett Plüsch A - Bild 3;https://amzn.to/PLATZHALTER1;https://zooplus.de/PLATZHALTER/donut-katzenbett-pluesch-a;https://fressnapf.de/PLATZHALTER/donut-katzenbett-pluesch-a;14,76;15,94;15,65;B010001XYZ;Rutschfester Boden;Donut Katzenbett Plüsch A Test 2026 ab 14.76 EUR | katzenbet;Donut Katzenbett Plüsch A ab 14.76 EUR bei 3 Shops. 3.5/5 aus 21 Bewertungen.
2;rundes-donut-schlafbett-fuer-katzen-b;Rundes Donut Schlafbett für Katzen B;ToKinCen;donut-katzenbetten;Donut Katzenbetten;16,53;;3.5;22;Filz;60x60;Ja;Braun;Donut Katzenbetten;Weiches Donut-Katzenbett mit erhöhtem Rand für zusätzliche Sicherheit und Komfort. Ideal zum Kuscheln und Schlafen.;Bestseller;https://images.unsplash.com/photo-1573865526739-10659fec78a5?w=800&h=800&fit=crop&q=80;https://images.unsplash.com/photo-1514888286974-6c03e2ca1dba?w=800&h=800&fit=crop&q=80;https://images.unsplash.com/photo-1495360010541-f48722b34f7d?w=800&h=800&fit=crop&q=80;Rundes Donut Schlafbett für Katzen B - Bild 1;Rundes Donut Schlafbett für Katzen B - Bild 2;Rundes Donut Schlafbett für Katzen B - Bild 3;https://amzn.to/PLATZHALTER2;https://zooplus.de/PLATZHALTER/rundes-donut-schlafbett-fuer-katzen-b;https://fressnapf.de/PLATZHALTER/rundes-donut-schlafbett-fuer-katzen-b;16,53;17,85;17,52;B011002XYZ;Hypoallergen;Rundes Donut Schlafbett für Katzen B Test 2026 ab 16.53 EUR ;Rundes Donut Schlafbett für Katzen B ab 16.53 EUR bei 3 Shops. 3.5/5 aus 22 Bewertungen.
3;flauschiges-donut-katzenbett-c;Flauschiges Donut Katzenbett C;PAWZ Road;donut-katzenbetten;Donut Katzenbetten;18,30;21,96;3.5;23;Fleece;70x70;Nein;Dunkelgrau;Donut Katzenbetten;Weiches Donut-Katzenbett mit erhöhtem Rand für zusätzliche Sicherheit und Komfort. Ideal zum Kuscheln und Schlafen.;Bestseller;https://images.unsplash.com/photo-1514888286974-6c03e2ca1dba?w=800&h=800&fit=crop&q=80;https://images.unsplash.com/photo-1495360010541-f48722b34f7d?w=800&h=800&fit=crop&q=80;https://images.unsplash.com/photo-1526336024174-e58f5cdd8e13?w=800&h=800&fit=crop&q=80;Flauschiges Donut Katzenbett C - Bild 1;Flauschiges Donut Katzenbett C - Bild 2;Flauschiges Donut Katzenbett C - Bild 3;https://amzn.to/PLATZHALTER3;https://zooplus.de/PLATZHALTER/flauschiges-donut-katzenbett-c;https://fressnapf.de/PLATZHALTER/flauschiges-donut-katzenbett-c;18,30;19,76;19,40;B012003XYZ;Umweltfreundlich;Flauschiges Donut Katzenbett C Test 2026 ab 18.30 EUR | katz;Flauschiges Donut Katzenbett C ab 18.30 EUR bei 3 Shops. 3.5/5 aus 23 Bewertungen.
4;komfort-donut-katzennest-d;Komfort Donut Katzennest D;FUKUMARU;donut-katzenbetten;Donut Katzenbetten;20,07;;3.6;24;Mikrofaser;80x80;Ja;Hellgrau;Donut Katzenbetten;Weiches Donut-Katzenbett mit erhöhtem Rand für zusätzliche Sicherheit und Komfort. Ideal zum Kuscheln und Schlafen.;Bestseller;https://images.unsplash.com/photo-1495360010541-f48722b34f7d?w=800&h=800&fit=crop&q=80;https://images.unsplash.com/photo-1526336024174-e58f5cdd8e13?w=800&h=800&fit=crop&q=80;https://images.unsplash.com/photo-1548247416-ec66f4900b2e?w=800&h=800&fit=crop&q=80;Komfort Donut Katzennest D - Bild 1;Komfort Donut Katzennest D - Bild 2;Komfort Donut Katzennest D - Bild 3;https://amzn.to/PLATZHALTER4;https://zooplus.de/PLATZHALTER/komfort-donut-katzennest-d;https://fressnapf.de/PLATZHALTER/komfort-donut-katzennest-d;20,07;21,68;21,27;B013004XYZ;Leicht zu reinigen;Komfort Donut Katzennest D Test 2026 ab 20.07 EUR | katzenbe;Komfort Donut Katzennest D ab 20.07 EUR bei 3 Shops. 3.6/5 aus 24 Bewertungen.
5;donut-katzenbett-pluesch-e;Donut Katzenbett Plüsch E;Navaris;donut-katzenbetten;Donut Katzenbetten;21,84;;3.6;25;Linen;90x90;Ja;Anthrazit;Donut Katzenbetten;Weiches Donut-Katzenbett mit erhöhtem Rand für zusätzliche Sicherheit und Komfort. Ideal zum Kuscheln und Schlafen.;Bestseller;https://images.unsplash.com/photo-1526336024174-e58f5cdd8e13?w=800&h=800&fit=crop&q=80;https://images.unsplash.com/photo-1548247416-ec66f4900b2e?w=800&h=800&fit=crop&q=80;https://images.unsplash.com/photo-1519052537078-e6302a4968d4?w=800&h=800&fit=crop&q=80;Donut Katzenbett Plüsch E - Bild 1;Donut Katzenbett Plüsch E - Bild 2;Donut Katzenbett Plüsch E - Bild 3;https://amzn.to/PLATZHALTER5;https://zooplus.de/PLATZHALTER/donut-katzenbett-pluesch-e;https://fressnapf.de/PLATZHALTER/donut-katzenbett-pluesch-e;21,84;23,59;23,15;B014005XYZ;Ergonomisches Design;Donut Katzenbett Plüsch E Test 2026 ab 21.84 EUR | katzenbet;Donut Katzenbett Plüsch E ab 21.84 EUR bei 3 Shops. 3.6/5 aus 25 Bewertungen.
6;rundes-donut-schlafbett-fuer-katzen-f;Rundes Donut Schlafbett für Katzen F;FEANDREA;donut-katzenbetten;Donut Katzenbetten;23,61;28,33;3.6;26;Memory Foam;100x100;Nein;Creme;Donut Katzenbetten;Weiches Donut-Katzenbett mit erhöhtem Rand für zusätzliche Sicherheit und Komfort. Ideal zum Kuscheln und Schlafen.;Beliebt;https://images.unsplash.com/photo-1548247416-ec66f4900b2e?w=800&h=800&fit=crop&q=80;https://images.unsplash.com/photo-1519052537078-e6302a4968d4?w=800&h=800&fit=crop&q=80;https://images.unsplash.com/photo-1533738363-b7f9aef128ce?w=800&h=800&fit=crop&q=80;Rundes Donut Schlafbett für Katzen F - Bild 1;Rundes Donut Schlafbett für Katzen F - Bild 2;Rundes Donut Schlafbett für Katzen F - Bild 3;https://amzn.to/PLATZHALTER6;https://zooplus.de/PLATZHALTER/rundes-donut-schlafbett-fuer-katzen-f;https://fressnapf.de/PLATZHALTER/rundes-donut-schlafbett-fuer-katzen-f;23,61;25,50;25,03;B015006XYZ;Maschinenwaschbar bis 30°C;Rundes Donut Schlafbett für Katzen F Test 2026 ab 23.61 EUR ;Rundes Donut Schlafbett für Katzen F ab 23.61 EUR bei 3 Shops. 3.6/5 aus 26 Bewertungen.
7;flauschiges-donut-katzenbett-g;Flauschiges Donut Katzenbett G;CheerPals;donut-katzenbetten;Donut Katzenbetten;25,38;;3.6;27;Orthopädischer Schaum;45x45;Ja;Schwarz;Donut Katzenbetten;Weiches Donut-Katzenbett mit erhöhtem Rand für zusätzliche Sicherheit und Komfort. Ideal zum Kuscheln und Schlafen.;Beliebt;https://images.unsplash.com/photo-1519052537078-e6302a4968d4?w=800&h=800&fit=crop&q=80;https://images.unsplash.com/photo-1533738363-b7f9aef128ce?w=800&h=800&fit=crop&q=80;https://images.unsplash.com/photo-1574158622682-e40e69881006?w=800&h=800&fit=crop&q=80;Flauschiges Donut Katzenbett G - Bild 1;Flauschiges Donut Katzenbett G - Bild 2;Flauschiges Donut Katzenbett G - Bild 3;https://amzn.to/PLATZHALTER7;https://zooplus.de/PLATZHALTER/flauschiges-donut-katzenbett-g;https://fressnapf.de/PLATZHALTER/flauschiges-donut-katzenbett-g;25,38;27,41;26,90;B016007XYZ;Rutschfester Boden;Flauschiges Donut Katzenbett G Test 2026 ab 25.38 EUR | katz;Flauschiges Donut Katzenbett G ab 25.38 EUR bei 3 Shops. 3.6/5 aus 27 Bewertungen.
8;komfort-donut-katzennest-h;Komfort Donut Katzennest H;COZY KISS;donut-katzenbetten;Donut Katzenbetten;27,15;;3.6;28;Wildleder;55x55;Ja;Navy;Donut Katzenbetten;Weiches Donut-Katzenbett mit erhöhtem Rand für zusätzliche Sicherheit und Komfort. Ideal zum Kuscheln und Schlafen.;Beliebt;https://images.unsplash.com/photo-1533738363-b7f9aef128ce?w=800&h=800&fit=crop&q=80;https://images.unsplash.com/photo-1574158622682-e40e69881006?w=800&h=800&fit=crop&q=80;https://images.unsplash.com/photo-1596854407944-bf87f6fdd49e?w=800&h=800&fit=crop&q=80;Komfort Donut Katzennest H - Bild 1;Komfort Donut Katzennest H - Bild 2;Komfort Donut Katzennest H - Bild 3;https://amzn.to/PLATZHALTER8;https://zooplus.de/PLATZHALTER/komfort-donut-katzennest-h;https://fressnapf.de/PLATZHALTER/komfort-donut-katzennest-h;27,15;29,32;28,78;B017008XYZ;Hypoallergen;Komfort Donut Katzennest H Test 2026 ab 27.15 EUR | katzenbe;Komfort Donut Katzennest H ab 27.15 EUR bei 3 Shops. 3.6/5 aus 28 Bewertungen.
9;donut-katzenbett-pluesch-i;Donut Katzenbett Plüsch I;Amazon Basics;donut-katzenbetten;Donut Katzenbetten;28,92;34,70;3.6;29;Korund;40x40;Nein;Taupe;Donut Katzenbetten;Weiches Donut-Katzenbett mit erhöhtem Rand für zusätzliche Sicherheit und Komfort. Ideal zum Kuscheln und Schlafen.;Beliebt;https://images.unsplash.com/photo-1574158622682-e40e69881006?w=800&h=800&fit=crop&q=80;https://images.unsplash.com/photo-1596854407944-bf87f6fdd49e?w=800&h=800&fit=crop&q=80;https://images.unsplash.com/photo-1543852786-1cf6624b9987?w=800&h=800&fit=crop&q=80;Donut Katzenbett Plüsch I - Bild 1;Donut Katzenbett Plüsch I - Bild 2;Donut Katzenbett Plüsch I - Bild 3;https://amzn.to/PLATZHALTER9;https://zooplus.de/PLATZHALTER/donut-katzenbett-pluesch-i;https://fressnapf.de/PLATZHALTER/donut-katzenbett-pluesch-i;28,92;31,23;30,66;B018009XYZ;Umweltfreundlich;Donut Katzenbett Plüsch I Test 2026 ab 28.92 EUR | katzenbet;Donut Katzenbett Plüsch I ab 28.92 EUR bei 3 Shops. 3.6/5 aus 29 Bewertungen.
10;rundes-donut-schlafbett-fuer-katzen-j;Rundes Donut Schlafbett für Katzen J;Dehner;donut-katzenbetten;Donut Katzenbetten;30,69;;3.6;30;Sisal;50x50;Ja;Grau;Donut Katzenbetten;Weiches Donut-Katzenbett mit erhöhtem Rand für zusätzliche Sicherheit und Komfort. Ideal zum Kuscheln und Schlafen.;Beliebt;https://images.unsplash.com/photo-1596854407944-bf87f6fdd49e?w=800&h=800&fit=crop&q=80;https://images.unsplash.com/photo-1543852786-1cf6624b9987?w=800&h=800&fit=crop&q=80;https://images.unsplash.com/photo-1518791841217-8f162f1e1131?w=800&h=800&fit=crop&q=80;Rundes Donut Schlafbett für Katzen J - Bild 1;Rundes Donut Schlafbett für Katzen J - Bild 2;Rundes Donut Schlafbett für Katzen J - Bild 3;https://amzn.to/PLATZHALTER10;https://zooplus.de/PLATZHALTER/rundes-donut-schlafbett-fuer-katzen-j;https://fressnapf.de/PLATZHALTER/rundes-donut-schlafbett-fuer-katzen-j;30,69;33,15;32,53;B019010XYZ;Leicht zu reinigen;Rundes Donut Schlafbett für Katzen J Test 2026 ab 30.69 EUR ;Rundes Donut Schlafbett für Katzen J ab 30.69 EUR bei 3 Shops. 3.6/5 aus 30 Bewertungen.
11;flauschiges-donut-katzenbett-k;Flauschiges Donut Katzenbett K;lionto;donut-katzenbetten;Donut Katzenbetten;32,46;;3.7;31;Plüsch;60x60;Ja;Beige;Donut Katzenbetten;Weiches Donut-Katzenbett mit erhöhtem Rand für zusätzliche Sicherheit und Komfort. Ideal zum Kuscheln und Schlafen.;Beliebt;https://images.unsplash.com/photo-1543852786-1cf6624b9987?w=800&h=800&fit=crop&q=80;https://images.unsplash.com/photo-1518791841217-8f162f1e1131?w=800&h=800&fit=crop&q=80;https://images.unsplash.com/photo-1571566882372-1598d88abd90?w=800&h=800&fit=crop&q=80;Flauschiges Donut Katzenbett K - Bild 1;Flauschiges Donut Katzenbett K - Bild 2;Flauschiges Donut Katzenbett K - Bild 3;https://amzn.to/PLATZHALTER11;https://zooplus.de/PLATZHALTER/flauschiges-donut-katzenbett-k;https://fressnapf.de/PLATZHALTER/flauschiges-donut-katzenbett-k;32,46;35,06;34,41;B020011XYZ;Ergonomisches Design;Flauschiges Donut Katzenbett K Test 2026 ab 32.46 EUR | katz;Flauschiges Donut Katzenbett K ab 32.46 EUR bei 3 Shops. 3.7/5 aus 31 Bewertungen.
12;komfort-donut-katzennest-l;Komfort Donut Katzennest L;SCHLITZOHR;donut-katzenbetten;Donut Katzenbetten;34,23;41,08;3.7;32;Baumwolle;70x70;Nein;Braun;Donut Katzenbetten;Weiches Donut-Katzenbett mit erhöhtem Rand für zusätzliche Sicherheit und Komfort. Ideal zum Kuscheln und Schlafen.;Beliebt;https://images.unsplash.com/photo-1518791841217-8f162f1e1131?w=800&h=800&fit=crop&q=80;https://images.unsplash.com/photo-1571566882372-1598d88abd90?w=800&h=800&fit=crop&q=80;https://images.unsplash.com/photo-1606214174585-fe31582dc6ee?w=800&h=800&fit=crop&q=80;Komfort Donut Katzennest L - Bild 1;Komfort Donut Katzennest L - Bild 2;Komfort Donut Katzennest L - Bild 3;https://amzn.to/PLATZHALTER12;https://zooplus.de/PLATZHALTER/komfort-donut-katzennest-l;https://fressnapf.de/PLATZHALTER/komfort-donut-katzennest-l;34,23;36,97;36,28;B021012XYZ;Maschinenwaschbar bis 30°C;Komfort Donut Katzennest L Test 2026 ab 34.23 EUR | katzenbe;Komfort Donut Katzennest L ab 34.23 EUR bei 3 Shops. 3.7/5 aus 32 Bewertungen.
13;filzhoehle-katzenbett-a;Filzhöhle Katzenbett A;Trixie;katzenhoehlen;Katzenhöhlen;36,00;;3.7;33;Filz;80x80;Ja;Dunkelgrau;Katzenhöhlen;Gemütliche Katzenhöhle aus hochwertigem Filz mit ausreichend Platz. Bietet Katzen einen privaten Rückzugsort.;Beliebt;https://images.unsplash.com/photo-1571566882372-1598d88abd90?w=800&h=800&fit=crop&q=80;https://images.unsplash.com/photo-1606214174585-fe31582dc6ee?w=800&h=800&fit=crop&q=80;https://images.unsplash.com/photo-1570824104453-508955ab713e?w=800&h=800&fit=crop&q=80;Filzhöhle Katzenbett A - Bild 1;Filzhöhle Katzenbett A - Bild 2;Filzhöhle Katzenbett A - Bild 3;https://amzn.to/PLATZHALTER13;https://zooplus.de/PLATZHALTER/filzhoehle-katzenbett-a;https://fressnapf.de/PLATZHALTER/filzhoehle-katzenbett-a;36,00;38,88;38,16;B022013XYZ;Rutschfester Boden;Filzhöhle Katzenbett A Test 2026 ab 36.00 EUR | katzenbett.d;Filzhöhle Katzenbett A ab 36.00 EUR bei 3 Shops. 3.7/5 aus 33 Bewertungen.
14;katzenhaus-hoehle-natur-b;Katzenhaus Höhle Natur B;PetPäl;katzenhoehlen;Katzenhöhlen;37,77;;3.7;34;Fleece;90x90;Ja;Hellgrau;Katzenhöhlen;Gemütliche Katzenhöhle aus hochwertigem Filz mit ausreichend Platz. Bietet Katzen einen privaten Rückzugsort.;Beliebt;https://images.unsplash.com/photo-1606214174585-fe31582dc6ee?w=800&h=800&fit=crop&q=80;https://images.unsplash.com/photo-1570824104453-508955ab713e?w=800&h=800&fit=crop&q=80;https://images.unsplash.com/photo-1592194996308-7b43878e84a6?w=800&h=800&fit=crop&q=80;Katzenhaus Höhle Natur B - Bild 1;Katzenhaus Höhle Natur B - Bild 2;Katzenhaus Höhle Natur B - Bild 3;https://amzn.to/PLATZHALTER14;https://zooplus.de/PLATZHALTER/katzenhaus-hoehle-natur-b;https://fressnapf.de/PLATZHALTER/katzenhaus-hoehle-natur-b;37,77;40,79;40,04;B023014XYZ;Hypoallergen;Katzenhaus Höhle Natur B Test 2026 ab 37.77 EUR | katzenbett;Katzenhaus Höhle Natur B ab 37.77 EUR bei 3 Shops. 3.7/5 aus 34 Bewertungen.
15;katzeigl-filzhaus-c;Katzeigl Filzhaus C;Curver;katzenhoehlen;Katzenhöhlen;39,54;47,45;3.7;35;Mikrofaser;100x100;Nein;Anthrazit;Katzenhöhlen;Gemütliche Katzenhöhle aus hochwertigem Filz mit ausreichend Platz. Bietet Katzen einen privaten Rückzugsort.;Beliebt;https://images.unsplash.com/photo-1570824104453-508955ab713e?w=800&h=800&fit=crop&q=80;https://images.unsplash.com/photo-1592194996308-7b43878e84a6?w=800&h=800&fit=crop&q=80;https://images.unsplash.com/photo-1583795128727-6ec3642408f8?w=800&h=800&fit=crop&q=80;Katzeigl Filzhaus C - Bild 1;Katzeigl Filzhaus C - Bild 2;Katzeigl Filzhaus C - Bild 3;https://amzn.to/PLATZHALTER15;https://zooplus.de/PLATZHALTER/katzeigl-filzhaus-c;https://fressnapf.de/PLATZHALTER/katzeigl-filzhaus-c;39,54;42,70;41,91;B024015XYZ;Umweltfreundlich;Katzeigl Filzhaus C Test 2026 ab 39.54 EUR | katzenbett.de;Katzeigl Filzhaus C ab 39.54 EUR bei 3 Shops. 3.7/5 aus 35 Bewertungen.
16;katzenhoehle-aus-filz-d;Katzenhöhle aus Filz D;HUNTER;katzenhoehlen;Katzenhöhlen;41,31;;3.7;36;Linen;45x45;Ja;Creme;Katzenhöhlen;Gemütliche Katzenhöhle aus hochwertigem Filz mit ausreichend Platz. Bietet Katzen einen privaten Rückzugsort.;;https://images.unsplash.com/photo-1592194996308-7b43878e84a6?w=800&h=800&fit=crop&q=80;https://images.unsplash.com/photo-1583795128727-6ec3642408f8?w=800&h=800&fit=crop&q=80;https://images.unsplash.com/photo-1478098711619-5ab0b478d6e6?w=800&h=800&fit=crop&q=80;Katzenhöhle aus Filz D - Bild 1;Katzenhöhle aus Filz D - Bild 2;Katzenhöhle aus Filz D - Bild 3;https://amzn.to/PLATZHALTER16;https://zooplus.de/PLATZHALTER/katzenhoehle-aus-filz-d;https://fressnapf.de/PLATZHALTER/katzenhoehle-aus-filz-d;41,31;44,61;43,79;B025016XYZ;Leicht zu reinigen;Katzenhöhle aus Filz D Test 2026 ab 41.31 EUR | katzenbett.d;Katzenhöhle aus Filz D ab 41.31 EUR bei 3 Shops. 3.7/5 aus 36 Bewertungen.
17;katzen-iglu-bett-e;Katzen Iglu Bett E;CasaLoba;katzenhoehlen;Katzenhöhlen;43,08;;3.8;37;Memory Foam;55x55;Ja;Schwarz;Katzenhöhlen;Gemütliche Katzenhöhle aus hochwertigem Filz mit ausreichend Platz. Bietet Katzen einen privaten Rückzugsort.;;https://images.unsplash.com/photo-1583795128727-6ec3642408f8?w=800&h=800&fit=crop&q=80;https://images.unsplash.com/photo-1478098711619-5ab0b478d6e6?w=800&h=800&fit=crop&q=80;https://images.unsplash.com/photo-1561948955-570b270e7c36?w=800&h=800&fit=crop&q=80;Katzen Iglu Bett E - Bild 1;Katzen Iglu Bett E - Bild 2;Katzen Iglu Bett E - Bild 3;https://amzn.to/PLATZHALTER17;https://zooplus.de/PLATZHALTER/katzen-iglu-bett-e;https://fressnapf.de/PLATZHALTER/katzen-iglu-bett-e;43,08;46,53;45,66;B026017XYZ;Ergonomisches Design;Katzen Iglu Bett E Test 2026 ab 43.08 EUR | katzenbett.de;Katzen Iglu Bett E ab 43.08 EUR bei 3 Shops. 3.8/5 aus 37 Bewertungen.
18;filzhoehle-katzenbett-f;Filzhöhle Katzenbett F;Kerbl;katzenhoehlen;Katzenhöhlen;44,85;53,82;3.8;38;Orthopädischer Schaum;40x40;Nein;Navy;Katzenhöhlen;Gemütliche Katzenhöhle aus hochwertigem Filz mit ausreichend Platz. Bietet Katzen einen privaten Rückzugsort.;;https://images.unsplash.com/photo-1478098711619-5ab0b478d6e6?w=800&h=800&fit=crop&q=80;https://images.unsplash.com/photo-1561948955-570b270e7c36?w=800&h=800&fit=crop&q=80;https://images.unsplash.com/photo-1494256997604-768d1f608cac?w=800&h=800&fit=crop&q=80;Filzhöhle Katzenbett F - Bild 1;Filzhöhle Katzenbett F - Bild 2;Filzhöhle Katzenbett F - Bild 3;https://amzn.to/PLATZHALTER18;https://zooplus.de/PLATZHALTER/filzhoehle-katzenbett-f;https://fressnapf.de/PLATZHALTER/filzhoehle-katzenbett-f;44,85;48,44;47,54;B027018XYZ;Maschinenwaschbar bis 30°C;Filzhöhle Katzenbett F Test 2026 ab 44.85 EUR | katzenbett.d;Filzhöhle Katzenbett F ab 44.85 EUR bei 3 Shops. 3.8/5 aus 38 Bewertungen.
19;katzenhaus-hoehle-natur-g;Katzenhaus Höhle Natur G;YITAHOME;katzenhoehlen;Katzenhöhlen;46,62;;3.8;39;Wildleder;50x50;Ja;Taupe;Katzenhöhlen;Gemütliche Katzenhöhle aus hochwertigem Filz mit ausreichend Platz. Bietet Katzen einen privaten Rückzugsort.;;https://images.unsplash.com/photo-1561948955-570b270e7c36?w=800&h=800&fit=crop&q=80;https://images.unsplash.com/photo-1494256997604-768d1f608cac?w=800&h=800&fit=crop&q=80;https://images.unsplash.com/photo-1585373683920-671438c82bfa?w=800&h=800&fit=crop&q=80;Katzenhaus Höhle Natur G - Bild 1;Katzenhaus Höhle Natur G - Bild 2;Katzenhaus Höhle Natur G - Bild 3;https://amzn.to/PLATZHALTER19;https://zooplus.de/PLATZHALTER/katzenhaus-hoehle-natur-g;https://fressnapf.de/PLATZHALTER/katzenhaus-hoehle-natur-g;46,62;50,35;49,42;B028019XYZ;Rutschfester Boden;Katzenhaus Höhle Natur G Test 2026 ab 46.62 EUR | katzenbett;Katzenhaus Höhle Natur G ab 46.62 EUR bei 3 Shops. 3.8/5 aus 39 Bewertungen.
20;katzeigl-filzhaus-h;Katzeigl Filzhaus H;ACE2ACE;katzenhoehlen;Katzenhöhlen;48,39;;3.8;40;Korund;60x60;Ja;Grau;Katzenhöhlen;Gemütliche Katzenhöhle aus hochwertigem Filz mit ausreichend Platz. Bietet Katzen einen privaten Rückzugsort.;;https://images.unsplash.com/photo-1494256997604-768d1f608cac?w=800&h=800&fit=crop&q=80;https://images.unsplash.com/photo-1585373683920-671438c82bfa?w=800&h=800&fit=crop&q=80;https://images.unsplash.com/photo-1618826411640-d6df44dd3f7a?w=800&h=800&fit=crop&q=80;Katzeigl Filzhaus H - Bild 1;Katzeigl Filzhaus H - Bild 2;Katzeigl Filzhaus H - Bild 3;https://amzn.to/PLATZHALTER20;https://zooplus.de/PLATZHALTER/katzeigl-filzhaus-h;https://fressnapf.de/PLATZHALTER/katzeigl-filzhaus-h;48,39;52,26;51,29;B029020XYZ;Hypoallergen;Katzeigl Filzhaus H Test 2026 ab 48.39 EUR | katzenbett.de;Katzeigl Filzhaus H ab 48.39 EUR bei 3 Shops. 3.8/5 aus 40 Bewertungen.
21;katzenhoehle-aus-filz-i;Katzenhöhle aus Filz I;Pecute;katzenhoehlen;Katzenhöhlen;50,16;60,19;3.8;41;Sisal;70x70;Nein;Beige;Katzenhöhlen;Gemütliche Katzenhöhle aus hochwertigem Filz mit ausreichend Platz. Bietet Katzen einen privaten Rückzugsort.;;https://images.unsplash.com/photo-1585373683920-671438c82bfa?w=800&h=800&fit=crop&q=80;https://images.unsplash.com/photo-1618826411640-d6df44dd3f7a?w=800&h=800&fit=crop&q=80;https://images.unsplash.com/photo-1501820488136-72669149e0d4?w=800&h=800&fit=crop&q=80;Katzenhöhle aus Filz I - Bild 1;Katzenhöhle aus Filz I - Bild 2;Katzenhöhle aus Filz I - Bild 3;https://amzn.to/PLATZHALTER21;https://zooplus.de/PLATZHALTER/katzenhoehle-aus-filz-i;https://fressnapf.de/PLATZHALTER/katzenhoehle-aus-filz-i;50,16;54,17;53,17;B030021XYZ;Umweltfreundlich;Katzenhöhle aus Filz I Test 2026 ab 50.16 EUR | katzenbett.d;Katzenhöhle aus Filz I ab 50.16 EUR bei 3 Shops. 3.8/5 aus 41 Bewertungen.
22;katzen-iglu-bett-j;Katzen Iglu Bett J;Zeze;katzenhoehlen;Katzenhöhlen;51,93;;3.8;42;Plüsch;80x80;Ja;Braun;Katzenhöhlen;Gemütliche Katzenhöhle aus hochwertigem Filz mit ausreichend Platz. Bietet Katzen einen privaten Rückzugsort.;;https://images.unsplash.com/photo-1618826411640-d6df44dd3f7a?w=800&h=800&fit=crop&q=80;https://images.unsplash.com/photo-1501820488136-72669149e0d4?w=800&h=800&fit=crop&q=80;https://images.unsplash.com/photo-1497752531616-c3afd9760a11?w=800&h=800&fit=crop&q=80;Katzen Iglu Bett J - Bild 1;Katzen Iglu Bett J - Bild 2;Katzen Iglu Bett J - Bild 3;https://amzn.to/PLATZHALTER22;https://zooplus.de/PLATZHALTER/katzen-iglu-bett-j;https://fressnapf.de/PLATZHALTER/katzen-iglu-bett-j;51,93;56,08;55,05;B031022XYZ;Leicht zu reinigen;Katzen Iglu Bett J Test 2026 ab 51.93 EUR | katzenbett.de;Katzen Iglu Bett J ab 51.93 EUR bei 3 Shops. 3.8/5 aus 42 Bewertungen.
23;filzhoehle-katzenbett-k;Filzhöhle Katzenbett K;LucyBalu;katzenhoehlen;Katzenhöhlen;53,70;;3.8;43;Baumwolle;90x90;Ja;Dunkelgrau;Katzenhöhlen;Gemütliche Katzenhöhle aus hochwertigem Filz mit ausreichend Platz. Bietet Katzen einen privaten Rückzugsort.;;https://images.unsplash.com/photo-1501820488136-72669149e0d4?w=800&h=800&fit=crop&q=80;https://images.unsplash.com/photo-1497752531616-c3afd9760a11?w=800&h=800&fit=crop&q=80;https://images.unsplash.com/photo-1529778873920-4da4926a72c2?w=800&h=800&fit=crop&q=80;Filzhöhle Katzenbett K - Bild 1;Filzhöhle Katzenbett K - Bild 2;Filzhöhle Katzenbett K - Bild 3;https://amzn.to/PLATZHALTER23;https://zooplus.de/PLATZHALTER/filzhoehle-katzenbett-k;https://fressnapf.de/PLATZHALTER/filzhoehle-katzenbett-k;53,70;58,00;56,92;B032023XYZ;Ergonomisches Design;Filzhöhle Katzenbett K Test 2026 ab 53.70 EUR | katzenbett.d;Filzhöhle Katzenbett K ab 53.70 EUR bei 3 Shops. 3.8/5 aus 43 Bewertungen.
24;katzenhaus-hoehle-natur-l;Katzenhaus Höhle Natur L;Dibea;katzenhoehlen;Katzenhöhlen;55,47;66,56;3.9;44;Filz;100x100;Nein;Hellgrau;Katzenhöhlen;Gemütliche Katzenhöhle aus hochwertigem Filz mit ausreichend Platz. Bietet Katzen einen privaten Rückzugsort.;;https://images.unsplash.com/photo-1497752531616-c3afd9760a11?w=800&h=800&fit=crop&q=80;https://images.unsplash.com/photo-1529778873920-4da4926a72c2?w=800&h=800&fit=crop&q=80;https://images.unsplash.com/photo-1511044568932-338cba0ad803?w=800&h=800&fit=crop&q=80;Katzenhaus Höhle Natur L - Bild 1;Katzenhaus Höhle Natur L - Bild 2;Katzenhaus Höhle Natur L - Bild 3;https://amzn.to/PLATZHALTER24;https://zooplus.de/PLATZHALTER/katzenhaus-hoehle-natur-l;https://fressnapf.de/PLATZHALTER/katzenhaus-hoehle-natur-l;55,47;59,91;58,80;B033024XYZ;Maschinenwaschbar bis 30°C;Katzenhaus Höhle Natur L Test 2026 ab 55.47 EUR | katzenbett;Katzenhaus Höhle Natur L ab 55.47 EUR bei 3 Shops. 3.9/5 aus 44 Bewertungen.
25;katzeigl-filzhaus-m;Katzeigl Filzhaus M;Lesure;katzenhoehlen;Katzenhöhlen;57,24;;3.9;45;Fleece;45x45;Ja;Anthrazit;Katzenhöhlen;Gemütliche Katzenhöhle aus hochwertigem Filz mit ausreichend Platz. Bietet Katzen einen privaten Rückzugsort.;;https://images.unsplash.com/photo-1529778873920-4da4926a72c2?w=800&h=800&fit=crop&q=80;https://images.unsplash.com/photo-1511044568932-338cba0ad803?w=800&h=800&fit=crop&q=80;https://images.unsplash.com/photo-1513245543132-31f507417b26?w=800&h=800&fit=crop&q=80;Katzeigl Filzhaus M - Bild 1;Katzeigl Filzhaus M - Bild 2;Katzeigl Filzhaus M - Bild 3;https://amzn.to/PLATZHALTER25;https://zooplus.de/PLATZHALTER/katzeigl-filzhaus-m;https://fressnapf.de/PLATZHALTER/katzeigl-filzhaus-m;57,24;61,82;60,67;B034025XYZ;Rutschfester Boden;Katzeigl Filzhaus M Test 2026 ab 57.24 EUR | katzenbett.de;Katzeigl Filzhaus M ab 57.24 EUR bei 3 Shops. 3.9/5 aus 45 Bewertungen.
26;katzenhoehle-aus-filz-n;Katzenhöhle aus Filz N;Catit;katzenhoehlen;Katzenhöhlen;59,01;;3.9;46;Mikrofaser;55x55;Ja;Creme;Katzenhöhlen;Gemütliche Katzenhöhle aus hochwertigem Filz mit ausreichend Platz. Bietet Katzen einen privaten Rückzugsort.;;https://images.unsplash.com/photo-1511044568932-338cba0ad803?w=800&h=800&fit=crop&q=80;https://images.unsplash.com/photo-1513245543132-31f507417b26?w=800&h=800&fit=crop&q=80;https://images.unsplash.com/photo-1445499348736-29b6cdfc03b9?w=800&h=800&fit=crop&q=80;Katzenhöhle aus Filz N - Bild 1;Katzenhöhle aus Filz N - Bild 2;Katzenhöhle aus Filz N - Bild 3;https://amzn.to/PLATZHALTER26;https://zooplus.de/PLATZHALTER/katzenhoehle-aus-filz-n;https://fressnapf.de/PLATZHALTER/katzenhoehle-aus-filz-n;59,01;63,73;62,55;B035026XYZ;Hypoallergen;Katzenhöhle aus Filz N Test 2026 ab 59.01 EUR | katzenbett.d;Katzenhöhle aus Filz N ab 59.01 EUR bei 3 Shops. 3.9/5 aus 46 Bewertungen.
27;katzen-iglu-bett-o;Katzen Iglu Bett O;K&H;katzenhoehlen;Katzenhöhlen;60,78;72,94;3.9;47;Linen;40x40;Nein;Schwarz;Katzenhöhlen;Gemütliche Katzenhöhle aus hochwertigem Filz mit ausreichend Platz. Bietet Katzen einen privaten Rückzugsort.;;https://images.unsplash.com/photo-1513245543132-31f507417b26?w=800&h=800&fit=crop&q=80;https://images.unsplash.com/photo-1445499348736-29b6cdfc03b9?w=800&h=800&fit=crop&q=80;https://images.unsplash.com/photo-1559235038-1b0fadf76f78?w=800&h=800&fit=crop&q=80;Katzen Iglu Bett O - Bild 1;Katzen Iglu Bett O - Bild 2;Katzen Iglu Bett O - Bild 3;https://amzn.to/PLATZHALTER27;https://zooplus.de/PLATZHALTER/katzen-iglu-bett-o;https://fressnapf.de/PLATZHALTER/katzen-iglu-bett-o;60,78;65,64;64,43;B036027XYZ;Umweltfreundlich;Katzen Iglu Bett O Test 2026 ab 60.78 EUR | katzenbett.de;Katzen Iglu Bett O ab 60.78 EUR bei 3 Shops. 3.9/5 aus 47 Bewertungen.
28;filzhoehle-katzenbett-p;Filzhöhle Katzenbett P;Pawhut;katzenhoehlen;Katzenhöhlen;62,55;;3.9;48;Memory Foam;50x50;Ja;Navy;Katzenhöhlen;Gemütliche Katzenhöhle aus hochwertigem Filz mit ausreichend Platz. Bietet Katzen einen privaten Rückzugsort.;;https://images.unsplash.com/photo-1445499348736-29b6cdfc03b9?w=800&h=800&fit=crop&q=80;https://images.unsplash.com/photo-1559235038-1b0fadf76f78?w=800&h=800&fit=crop&q=80;https://images.unsplash.com/photo-1596854273338-cbf078ec7071?w=800&h=800&fit=crop&q=80;Filzhöhle Katzenbett P - Bild 1;Filzhöhle Katzenbett P - Bild 2;Filzhöhle Katzenbett P - Bild 3;https://amzn.to/PLATZHALTER28;https://zooplus.de/PLATZHALTER/filzhoehle-katzenbett-p;https://fressnapf.de/PLATZHALTER/filzhoehle-katzenbett-p;62,55;67,55;66,30;B037028XYZ;Leicht zu reinigen;Filzhöhle Katzenbett P Test 2026 ab 62.55 EUR | katzenbett.d;Filzhöhle Katzenbett P ab 62.55 EUR bei 3 Shops. 3.9/5 aus 48 Bewertungen.
29;orthopaedisches-katzenbett-memory-foam-a;Orthopädisches Katzenbett Memory Foam A;Morpilot;orthopaedische-katzenbetten;Orthopädische Katzenbetten;64,32;;3.9;49;Orthopädischer Schaum;60x60;Ja;Taupe;Orthopädische Katzenbetten;Orthopädisches Katzenbett mit Memory-Foam-Füllung für optimale Unterstützung. Ideal für ältere oder arthritische Katzen.;;https://images.unsplash.com/photo-1559235038-1b0fadf76f78?w=800&h=800&fit=crop&q=80;https://images.unsplash.com/photo-1596854273338-cbf078ec7071?w=800&h=800&fit=crop&q=80;https://images.unsplash.com/photo-1595433707802-6b2626ef1c91?w=800&h=800&fit=crop&q=80;Orthopädisches Katzenbett Memory Foam A - Bild 1;Orthopädisches Katzenbett Memory Foam A - Bild 2;Orthopädisches Katzenbett Memory Foam A - Bild 3;https://amzn.to/PLATZHALTER29;https://zooplus.de/PLATZHALTER/orthopaedisches-katzenbett-memory-foam-a;https://fressnapf.de/PLATZHALTER/orthopaedisches-katzenbett-memory-foam-a;64,32;69,47;68,18;B038029XYZ;Ergonomisches Design;Orthopädisches Katzenbett Memory Foam A Test 2026 ab 64.32 E;Orthopädisches Katzenbett Memory Foam A ab 64.32 EUR bei 3 Shops. 3.9/5 aus 49 Bewertungen.
30;memory-foam-katzenmatratze-b;Memory Foam Katzenmatratze B;Petio;orthopaedische-katzenbetten;Orthopädische Katzenbetten;66,09;79,31;4.0;50;Wildleder;70x70;Nein;Grau;Orthopädische Katzenbetten;Orthopädisches Katzenbett mit Memory-Foam-Füllung für optimale Unterstützung. Ideal für ältere oder arthritische Katzen.;;https://images.unsplash.com/photo-1596854273338-cbf078ec7071?w=800&h=800&fit=crop&q=80;https://images.unsplash.com/photo-1595433707802-6b2626ef1c91?w=800&h=800&fit=crop&q=80;https://images.unsplash.com/photo-1560114928-40f1f1eb26a0?w=800&h=800&fit=crop&q=80;Memory Foam Katzenmatratze B - Bild 1;Memory Foam Katzenmatratze B - Bild 2;Memory Foam Katzenmatratze B - Bild 3;https://amzn.to/PLATZHALTER30;https://zooplus.de/PLATZHALTER/memory-foam-katzenmatratze-b;https://fressnapf.de/PLATZHALTER/memory-foam-katzenmatratze-b;66,09;71,38;70,06;B039030XYZ;Maschinenwaschbar bis 30°C;Memory Foam Katzenmatratze B Test 2026 ab 66.09 EUR | katzen;Memory Foam Katzenmatratze B ab 66.09 EUR bei 3 Shops. 4.0/5 aus 50 Bewertungen.
31;ergonomisches-katzenbett-senior-c;Ergonomisches Katzenbett Senior C;SONGMICS;orthopaedische-katzenbetten;Orthopädische Katzenbetten;67,86;;4.0;51;Korund;80x80;Ja;Beige;Orthopädische Katzenbetten;Orthopädisches Katzenbett mit Memory-Foam-Füllung für optimale Unterstützung. Ideal für ältere oder arthritische Katzen.;;https://images.unsplash.com/photo-1595433707802-6b2626ef1c91?w=800&h=800&fit=crop&q=80;https://images.unsplash.com/photo-1560114928-40f1f1eb26a0?w=800&h=800&fit=crop&q=80;https://images.unsplash.com/photo-1606567595334-d39972c85dbe?w=800&h=800&fit=crop&q=80;Ergonomisches Katzenbett Senior C - Bild 1;Ergonomisches Katzenbett Senior C - Bild 2;Ergonomisches Katzenbett Senior C - Bild 3;https://amzn.to/PLATZHALTER31;https://zooplus.de/PLATZHALTER/ergonomisches-katzenbett-senior-c;https://fressnapf.de/PLATZHALTER/ergonomisches-katzenbett-senior-c;67,86;73,29;71,93;B040031XYZ;Rutschfester Boden;Ergonomisches Katzenbett Senior C Test 2026 ab 67.86 EUR | k;Ergonomisches Katzenbett Senior C ab 67.86 EUR bei 3 Shops. 4.0/5 aus 51 Bewertungen.
32;orthopaedisches-katzenbett-memory-foam-d;Orthopädisches Katzenbett Memory Foam D;Nobby;orthopaedische-katzenbetten;Orthopädische Katzenbetten;69,63;;4.0;52;Sisal;90x90;Ja;Braun;Orthopädische Katzenbetten;Orthopädisches Katzenbett mit Memory-Foam-Füllung für optimale Unterstützung. Ideal für ältere oder arthritische Katzen.;;https://images.unsplash.com/photo-1560114928-40f1f1eb26a0?w=800&h=800&fit=crop&q=80;https://images.unsplash.com/photo-1606567595334-d39972c85dbe?w=800&h=800&fit=crop&q=80;https://images.unsplash.com/photo-1589883661923-6476cb0ae9f2?w=800&h=800&fit=crop&q=80;Orthopädisches Katzenbett Memory Foam D - Bild 1;Orthopädisches Katzenbett Memory Foam D - Bild 2;Orthopädisches Katzenbett Memory Foam D - Bild 3;https://amzn.to/PLATZHALTER32;https://zooplus.de/PLATZHALTER/orthopaedisches-katzenbett-memory-foam-d;https://fressnapf.de/PLATZHALTER/orthopaedisches-katzenbett-memory-foam-d;69,63;75,20;73,81;B041032XYZ;Hypoallergen;Orthopädisches Katzenbett Memory Foam D Test 2026 ab 69.63 E;Orthopädisches Katzenbett Memory Foam D ab 69.63 EUR bei 3 Shops. 4.0/5 aus 52 Bewertungen.
33;memory-foam-katzenmatratze-e;Memory Foam Katzenmatratze E;Nobleza;orthopaedische-katzenbetten;Orthopädische Katzenbetten;71,40;85,68;4.0;53;Plüsch;100x100;Nein;Dunkelgrau;Orthopädische Katzenbetten;Orthopädisches Katzenbett mit Memory-Foam-Füllung für optimale Unterstützung. Ideal für ältere oder arthritische Katzen.;;https://images.unsplash.com/photo-1606567595334-d39972c85dbe?w=800&h=800&fit=crop&q=80;https://images.unsplash.com/photo-1589883661923-6476cb0ae9f2?w=800&h=800&fit=crop&q=80;https://images.unsplash.com/photo-1568043210943-950cc85c6c8b?w=800&h=800&fit=crop&q=80;Memory Foam Katzenmatratze E - Bild 1;Memory Foam Katzenmatratze E - Bild 2;Memory Foam Katzenmatratze E - Bild 3;https://amzn.to/PLATZHALTER33;https://zooplus.de/PLATZHALTER/memory-foam-katzenmatratze-e;https://fressnapf.de/PLATZHALTER/memory-foam-katzenmatratze-e;71,40;77,11;75,68;B042033XYZ;Umweltfreundlich;Memory Foam Katzenmatratze E Test 2026 ab 71.40 EUR | katzen;Memory Foam Katzenmatratze E ab 71.40 EUR bei 3 Shops. 4.0/5 aus 53 Bewertungen.
34;fensterliege-katzenbett-a;Fensterliege Katzenbett A;West Paw;fensterliegen-katzen;Fensterliegen für Katzen;73,17;;4.0;54;Baumwolle;45x45;Ja;Hellgrau;Fensterliegen für Katzen;Fensterliege mit starken Saugnäpfen für sicheren Halt. Bietet Katzen Zugang zur Fensteraussicht.;;https://images.unsplash.com/photo-1589883661923-6476cb0ae9f2?w=800&h=800&fit=crop&q=80;https://images.unsplash.com/photo-1568043210943-950cc85c6c8b?w=800&h=800&fit=crop&q=80;https://images.unsplash.com/photo-1617228834732-bf5421ba26e9?w=800&h=800&fit=crop&q=80;Fensterliege Katzenbett A - Bild 1;Fensterliege Katzenbett A - Bild 2;Fensterliege Katzenbett A - Bild 3;https://amzn.to/PLATZHALTER34;https://zooplus.de/PLATZHALTER/fensterliege-katzenbett-a;https://fressnapf.de/PLATZHALTER/fensterliege-katzenbett-a;73,17;79,02;77,56;B043034XYZ;Leicht zu reinigen;Fensterliege Katzenbett A Test 2026 ab 73.17 EUR | katzenbet;Fensterliege Katzenbett A ab 73.17 EUR bei 3 Shops. 4.0/5 aus 54 Bewertungen.
35;fenster-haengematte-fuer-katzen-b;Fenster Hängematte für Katzen B;AFP;fensterliegen-katzen;Fensterliegen für Katzen;74,94;;4.0;55;Filz;55x55;Ja;Anthrazit;Fensterliegen für Katzen;Fensterliege mit starken Saugnäpfen für sicheren Halt. Bietet Katzen Zugang zur Fensteraussicht.;;https://images.unsplash.com/photo-1568043210943-950cc85c6c8b?w=800&h=800&fit=crop&q=80;https://images.unsplash.com/photo-1617228834732-bf5421ba26e9?w=800&h=800&fit=crop&q=80;https://images.unsplash.com/photo-1556583995-f56e75fae39d?w=800&h=800&fit=crop&q=80;Fenster Hängematte für Katzen B - Bild 1;Fenster Hängematte für Katzen B - Bild 2;Fenster Hängematte für Katzen B - Bild 3;https://amzn.to/PLATZHALTER35;https://zooplus.de/PLATZHALTER/fenster-haengematte-fuer-katzen-b;https://fressnapf.de/PLATZHALTER/fenster-haengematte-fuer-katzen-b;74,94;80,94;79,44;B044035XYZ;Ergonomisches Design;Fenster Hängematte für Katzen B Test 2026 ab 74.94 EUR | kat;Fenster Hängematte für Katzen B ab 74.94 EUR bei 3 Shops. 4.0/5 aus 55 Bewertungen.
36;fensterplatz-katzenhaengematte-c;Fensterplatz Katzenhängematte C;Meyou;fensterliegen-katzen;Fensterliegen für Katzen;76,71;92,05;4.0;56;Fleece;40x40;Nein;Creme;Fensterliegen für Katzen;Fensterliege mit starken Saugnäpfen für sicheren Halt. Bietet Katzen Zugang zur Fensteraussicht.;;https://images.unsplash.com/photo-1617228834732-bf5421ba26e9?w=800&h=800&fit=crop&q=80;https://images.unsplash.com/photo-1556583995-f56e75fae39d?w=800&h=800&fit=crop&q=80;https://images.unsplash.com/photo-1548366086-7f1b76106622?w=800&h=800&fit=crop&q=80;Fensterplatz Katzenhängematte C - Bild 1;Fensterplatz Katzenhängematte C - Bild 2;Fensterplatz Katzenhängematte C - Bild 3;https://amzn.to/PLATZHALTER36;https://zooplus.de/PLATZHALTER/fensterplatz-katzenhaengematte-c;https://fressnapf.de/PLATZHALTER/fensterplatz-katzenhaengematte-c;76,71;82,85;81,31;B045036XYZ;Maschinenwaschbar bis 30°C;Fensterplatz Katzenhängematte C Test 2026 ab 76.71 EUR | kat;Fensterplatz Katzenhängematte C ab 76.71 EUR bei 3 Shops. 4.0/5 aus 56 Bewertungen.
37;haengematte-katzenbett-a;Hängematte Katzenbett A;MiaCara;haengematten-katzen;Hängemattenbetten;78,48;;4.1;57;Mikrofaser;50x50;Ja;Schwarz;Hängemattenbetten;Hängematte zum Aufhängen oder Radiator-Befestigung mit stabilem Rahmen. Perfekt für Katzen, die gerne abhängen.;;https://images.unsplash.com/photo-1556583995-f56e75fae39d?w=800&h=800&fit=crop&q=80;https://images.unsplash.com/photo-1548366086-7f1b76106622?w=800&h=800&fit=crop&q=80;https://images.unsplash.com/photo-1598188306155-25e400eb5078?w=800&h=800&fit=crop&q=80;Hängematte Katzenbett A - Bild 1;Hängematte Katzenbett A - Bild 2;Hängematte Katzenbett A - Bild 3;https://amzn.to/PLATZHALTER37;https://zooplus.de/PLATZHALTER/haengematte-katzenbett-a;https://fressnapf.de/PLATZHALTER/haengematte-katzenbett-a;78,48;84,76;83,19;B046037XYZ;Rutschfester Boden;Hängematte Katzenbett A Test 2026 ab 78.48 EUR | katzenbett.;Hängematte Katzenbett A ab 78.48 EUR bei 3 Shops. 4.1/5 aus 57 Bewertungen.
38;radiator-haengematte-katze-b;Radiator Hängematte Katze B;PETLIBRO;haengematten-katzen;Hängemattenbetten;80,25;;4.1;58;Linen;60x60;Ja;Navy;Hängemattenbetten;Hängematte zum Aufhängen oder Radiator-Befestigung mit stabilem Rahmen. Perfekt für Katzen, die gerne abhängen.;Premium;https://images.unsplash.com/photo-1548366086-7f1b76106622?w=800&h=800&fit=crop&q=80;https://images.unsplash.com/photo-1598188306155-25e400eb5078?w=800&h=800&fit=crop&q=80;https://images.unsplash.com/photo-1615497001839-b0a0eac3274c?w=800&h=800&fit=crop&q=80;Radiator Hängematte Katze B - Bild 1;Radiator Hängematte Katze B - Bild 2;Radiator Hängematte Katze B - Bild 3;https://amzn.to/PLATZHALTER38;https://zooplus.de/PLATZHALTER/radiator-haengematte-katze-b;https://fressnapf.de/PLATZHALTER/radiator-haengematte-katze-b;80,25;86,67;85,06;B047038XYZ;Hypoallergen;Radiator Hängematte Katze B Test 2026 ab 80.25 EUR | katzenb;Radiator Hängematte Katze B ab 80.25 EUR bei 3 Shops. 4.1/5 aus 58 Bewertungen.
39;fenster-haengematte-katze-c;Fenster Hängematte Katze C;FurHaven;haengematten-katzen;Hängemattenbetten;82,02;98,42;4.1;59;Memory Foam;70x70;Nein;Taupe;Hängemattenbetten;Hängematte zum Aufhängen oder Radiator-Befestigung mit stabilem Rahmen. Perfekt für Katzen, die gerne abhängen.;Premium;https://images.unsplash.com/photo-1598188306155-25e400eb5078?w=800&h=800&fit=crop&q=80;https://images.unsplash.com/photo-1615497001839-b0a0eac3274c?w=800&h=800&fit=crop&q=80;https://images.unsplash.com/photo-1573865526739-10659fec78a5?w=800&h=800&fit=crop&q=80;Fenster Hängematte Katze C - Bild 1;Fenster Hängematte Katze C - Bild 2;Fenster Hängematte Katze C - Bild 3;https://amzn.to/PLATZHALTER39;https://zooplus.de/PLATZHALTER/fenster-haengematte-katze-c;https://fressnapf.de/PLATZHALTER/fenster-haengematte-katze-c;82,02;88,58;86,94;B048039XYZ;Umweltfreundlich;Fenster Hängematte Katze C Test 2026 ab 82.02 EUR | katzenbe;Fenster Hängematte Katze C ab 82.02 EUR bei 3 Shops. 4.1/5 aus 59 Bewertungen.
40;katzenhaengematte-heizung-d;Katzenhängematte Heizung D;Petface;haengematten-katzen;Hängemattenbetten;83,79;;4.1;60;Orthopädischer Schaum;80x80;Ja;Grau;Hängemattenbetten;Hängematte zum Aufhängen oder Radiator-Befestigung mit stabilem Rahmen. Perfekt für Katzen, die gerne abhängen.;Premium;https://images.unsplash.com/photo-1615497001839-b0a0eac3274c?w=800&h=800&fit=crop&q=80;https://images.unsplash.com/photo-1573865526739-10659fec78a5?w=800&h=800&fit=crop&q=80;https://images.unsplash.com/photo-1514888286974-6c03e2ca1dba?w=800&h=800&fit=crop&q=80;Katzenhängematte Heizung D - Bild 1;Katzenhängematte Heizung D - Bild 2;Katzenhängematte Heizung D - Bild 3;https://amzn.to/PLATZHALTER40;https://zooplus.de/PLATZHALTER/katzenhaengematte-heizung-d;https://fressnapf.de/PLATZHALTER/katzenhaengematte-heizung-d;83,79;90,49;88,82;B049040XYZ;Leicht zu reinigen;Katzenhängematte Heizung D Test 2026 ab 83.79 EUR | katzenbe;Katzenhängematte Heizung D ab 83.79 EUR bei 3 Shops. 4.1/5 aus 60 Bewertungen.
41;beheiztes-katzenbett-waermematte-a;Beheiztes Katzenbett Wärmematte A;JEMIDI;beheizte-katzenbetten;Beheizte Katzenbetten;85,56;;4.1;61;Wildleder;90x90;Ja;Beige;Beheizte Katzenbetten;Beheizt oder mit Wärmematte ausgestattet für wohltuende Wärme. Ideal für Katzen in kälteren Monaten.;Premium;https://images.unsplash.com/photo-1573865526739-10659fec78a5?w=800&h=800&fit=crop&q=80;https://images.unsplash.com/photo-1514888286974-6c03e2ca1dba?w=800&h=800&fit=crop&q=80;https://images.unsplash.com/photo-1495360010541-f48722b34f7d?w=800&h=800&fit=crop&q=80;Beheiztes Katzenbett Wärmematte A - Bild 1;Beheiztes Katzenbett Wärmematte A - Bild 2;Beheiztes Katzenbett Wärmematte A - Bild 3;https://amzn.to/PLATZHALTER41;https://zooplus.de/PLATZHALTER/beheiztes-katzenbett-waermematte-a;https://fressnapf.de/PLATZHALTER/beheiztes-katzenbett-waermematte-a;85,56;92,40;90,69;B050041XYZ;Ergonomisches Design;Beheiztes Katzenbett Wärmematte A Test 2026 ab 85.56 EUR | k;Beheiztes Katzenbett Wärmematte A ab 85.56 EUR bei 3 Shops. 4.1/5 aus 61 Bewertungen.
42;waermekissen-katzenbett-b;Wärmekissen Katzenbett B;Eono;beheizte-katzenbetten;Beheizte Katzenbetten;87,33;104,80;4.1;62;Korund;100x100;Nein;Braun;Beheizte Katzenbetten;Beheizt oder mit Wärmematte ausgestattet für wohltuende Wärme. Ideal für Katzen in kälteren Monaten.;Premium;https://images.unsplash.com/photo-1514888286974-6c03e2ca1dba?w=800&h=800&fit=crop&q=80;https://images.unsplash.com/photo-1495360010541-f48722b34f7d?w=800&h=800&fit=crop&q=80;https://images.unsplash.com/photo-1526336024174-e58f5cdd8e13?w=800&h=800&fit=crop&q=80;Wärmekissen Katzenbett B - Bild 1;Wärmekissen Katzenbett B - Bild 2;Wärmekissen Katzenbett B - Bild 3;https://amzn.to/PLATZHALTER42;https://zooplus.de/PLATZHALTER/waermekissen-katzenbett-b;https://fressnapf.de/PLATZHALTER/waermekissen-katzenbett-b;87,33;94,32;92,57;B051042XYZ;Maschinenwaschbar bis 30°C;Wärmekissen Katzenbett B Test 2026 ab 87.33 EUR | katzenbett;Wärmekissen Katzenbett B ab 87.33 EUR bei 3 Shops. 4.1/5 aus 62 Bewertungen.
43;infrarot-waermebett-katze-c;Infrarot Wärmebett Katze C;LIFEBEA;beheizte-katzenbetten;Beheizte Katzenbetten;89,10;;4.1;63;Sisal;45x45;Ja;Dunkelgrau;Beheizte Katzenbetten;Beheizt oder mit Wärmematte ausgestattet für wohltuende Wärme. Ideal für Katzen in kälteren Monaten.;Premium;https://images.unsplash.com/photo-1495360010541-f48722b34f7d?w=800&h=800&fit=crop&q=80;https://images.unsplash.com/photo-1526336024174-e58f5cdd8e13?w=800&h=800&fit=crop&q=80;https://images.unsplash.com/photo-1548247416-ec66f4900b2e?w=800&h=800&fit=crop&q=80;Infrarot Wärmebett Katze C - Bild 1;Infrarot Wärmebett Katze C - Bild 2;Infrarot Wärmebett Katze C - Bild 3;https://amzn.to/PLATZHALTER43;https://zooplus.de/PLATZHALTER/infrarot-waermebett-katze-c;https://fressnapf.de/PLATZHALTER/infrarot-waermebett-katze-c;89,10;96,23;94,45;B052043XYZ;Rutschfester Boden;Infrarot Wärmebett Katze C Test 2026 ab 89.10 EUR | katzenbe;Infrarot Wärmebett Katze C ab 89.10 EUR bei 3 Shops. 4.1/5 aus 63 Bewertungen.
44;heizmatte-katze-bett-d;Heizmatte Katze Bett D;Hobbydog;beheizte-katzenbetten;Beheizte Katzenbetten;90,87;;4.2;64;Plüsch;55x55;Ja;Hellgrau;Beheizte Katzenbetten;Beheizt oder mit Wärmematte ausgestattet für wohltuende Wärme. Ideal für Katzen in kälteren Monaten.;Premium;https://images.unsplash.com/photo-1526336024174-e58f5cdd8e13?w=800&h=800&fit=crop&q=80;https://images.unsplash.com/photo-1548247416-ec66f4900b2e?w=800&h=800&fit=crop&q=80;https://images.unsplash.com/photo-1519052537078-e6302a4968d4?w=800&h=800&fit=crop&q=80;Heizmatte Katze Bett D - Bild 1;Heizmatte Katze Bett D - Bild 2;Heizmatte Katze Bett D - Bild 3;https://amzn.to/PLATZHALTER44;https://zooplus.de/PLATZHALTER/heizmatte-katze-bett-d;https://fressnapf.de/PLATZHALTER/heizmatte-katze-bett-d;90,87;98,14;96,32;B053044XYZ;Hypoallergen;Heizmatte Katze Bett D Test 2026 ab 90.87 EUR | katzenbett.d;Heizmatte Katze Bett D ab 90.87 EUR bei 3 Shops. 4.2/5 aus 64 Bewertungen.
45;beheiztes-katzenbett-waermematte-e;Beheiztes Katzenbett Wärmematte E;RAIKOU;beheizte-katzenbetten;Beheizte Katzenbetten;92,64;111,17;4.2;65;Baumwolle;40x40;Nein;Anthrazit;Beheizte Katzenbetten;Beheizt oder mit Wärmematte ausgestattet für wohltuende Wärme. Ideal für Katzen in kälteren Monaten.;Premium;https://images.unsplash.com/photo-1548247416-ec66f4900b2e?w=800&h=800&fit=crop&q=80;https://images.unsplash.com/photo-1519052537078-e6302a4968d4?w=800&h=800&fit=crop&q=80;https://images.unsplash.com/photo-1533738363-b7f9aef128ce?w=800&h=800&fit=crop&q=80;Beheiztes Katzenbett Wärmematte E - Bild 1;Beheiztes Katzenbett Wärmematte E - Bild 2;Beheiztes Katzenbett Wärmematte E - Bild 3;https://amzn.to/PLATZHALTER45;https://zooplus.de/PLATZHALTER/beheiztes-katzenbett-waermematte-e;https://fressnapf.de/PLATZHALTER/beheiztes-katzenbett-waermematte-e;92,64;100,05;98,20;B054045XYZ;Umweltfreundlich;Beheiztes Katzenbett Wärmematte E Test 2026 ab 92.64 EUR | k;Beheiztes Katzenbett Wärmematte E ab 92.64 EUR bei 3 Shops. 4.2/5 aus 65 Bewertungen.
46;waermekissen-katzenbett-f;Wärmekissen Katzenbett F;Capefine;beheizte-katzenbetten;Beheizte Katzenbetten;94,41;;4.2;66;Filz;50x50;Ja;Creme;Beheizte Katzenbetten;Beheizt oder mit Wärmematte ausgestattet für wohltuende Wärme. Ideal für Katzen in kälteren Monaten.;Premium;https://images.unsplash.com/photo-1519052537078-e6302a4968d4?w=800&h=800&fit=crop&q=80;https://images.unsplash.com/photo-1533738363-b7f9aef128ce?w=800&h=800&fit=crop&q=80;https://images.unsplash.com/photo-1574158622682-e40e69881006?w=800&h=800&fit=crop&q=80;Wärmekissen Katzenbett F - Bild 1;Wärmekissen Katzenbett F - Bild 2;Wärmekissen Katzenbett F - Bild 3;https://amzn.to/PLATZHALTER46;https://zooplus.de/PLATZHALTER/waermekissen-katzenbett-f;https://fressnapf.de/PLATZHALTER/waermekissen-katzenbett-f;94,41;101,96;100,07;B055046XYZ;Leicht zu reinigen;Wärmekissen Katzenbett F Test 2026 ab 94.41 EUR | katzenbett;Wärmekissen Katzenbett F ab 94.41 EUR bei 3 Shops. 4.2/5 aus 66 Bewertungen.
47;design-holz-katzenbett-skandinavisch-a;Design Holz Katzenbett Skandinavisch A;Bedsure;design-katzenbetten;Design Katzenbetten;96,18;;4.2;67;Fleece;60x60;Ja;Schwarz;Design Katzenbetten;Hochwertiges Design-Katzenbett aus Holz oder modernem Material. Elegant und funktional für jedes Zuhause.;Premium;https://images.unsplash.com/photo-1533738363-b7f9aef128ce?w=800&h=800&fit=crop&q=80;https://images.unsplash.com/photo-1574158622682-e40e69881006?w=800&h=800&fit=crop&q=80;https://images.unsplash.com/photo-1596854407944-bf87f6fdd49e?w=800&h=800&fit=crop&q=80;Design Holz Katzenbett Skandinavisch A - Bild 1;Design Holz Katzenbett Skandinavisch A - Bild 2;Design Holz Katzenbett Skandinavisch A - Bild 3;https://amzn.to/PLATZHALTER47;https://zooplus.de/PLATZHALTER/design-holz-katzenbett-skandinavisch-a;https://fressnapf.de/PLATZHALTER/design-holz-katzenbett-skandinavisch-a;96,18;103,87;101,95;B056047XYZ;Ergonomisches Design;Design Holz Katzenbett Skandinavisch A Test 2026 ab 96.18 EU;Design Holz Katzenbett Skandinavisch A ab 96.18 EUR bei 3 Shops. 4.2/5 aus 67 Bewertungen.
48;premium-katzenbett-luxus-b;Premium Katzenbett Luxus B;ToKinCen;design-katzenbetten;Design Katzenbetten;97,95;117,54;4.2;68;Mikrofaser;70x70;Nein;Navy;Design Katzenbetten;Hochwertiges Design-Katzenbett aus Holz oder modernem Material. Elegant und funktional für jedes Zuhause.;Premium;https://images.unsplash.com/photo-1574158622682-e40e69881006?w=800&h=800&fit=crop&q=80;https://images.unsplash.com/photo-1596854407944-bf87f6fdd49e?w=800&h=800&fit=crop&q=80;https://images.unsplash.com/photo-1543852786-1cf6624b9987?w=800&h=800&fit=crop&q=80;Premium Katzenbett Luxus B - Bild 1;Premium Katzenbett Luxus B - Bild 2;Premium Katzenbett Luxus B - Bild 3;https://amzn.to/PLATZHALTER48;https://zooplus.de/PLATZHALTER/premium-katzenbett-luxus-b;https://fressnapf.de/PLATZHALTER/premium-katzenbett-luxus-b;97,95;105,79;103,83;B057048XYZ;Maschinenwaschbar bis 30°C;Premium Katzenbett Luxus B Test 2026 ab 97.95 EUR | katzenbe;Premium Katzenbett Luxus B ab 97.95 EUR bei 3 Shops. 4.2/5 aus 68 Bewertungen.
49;modernes-design-katzenbett-c;Modernes Design Katzenbett C;PAWZ Road;design-katzenbetten;Design Katzenbetten;99,72;;4.2;69;Linen;80x80;Ja;Taupe;Design Katzenbetten;Hochwertiges Design-Katzenbett aus Holz oder modernem Material. Elegant und funktional für jedes Zuhause.;Premium;https://images.unsplash.com/photo-1596854407944-bf87f6fdd49e?w=800&h=800&fit=crop&q=80;https://images.unsplash.com/photo-1543852786-1cf6624b9987?w=800&h=800&fit=crop&q=80;https://images.unsplash.com/photo-1518791841217-8f162f1e1131?w=800&h=800&fit=crop&q=80;Modernes Design Katzenbett C - Bild 1;Modernes Design Katzenbett C - Bild 2;Modernes Design Katzenbett C - Bild 3;https://amzn.to/PLATZHALTER49;https://zooplus.de/PLATZHALTER/modernes-design-katzenbett-c;https://fressnapf.de/PLATZHALTER/modernes-design-katzenbett-c;99,72;107,70;105,70;B058049XYZ;Rutschfester Boden;Modernes Design Katzenbett C Test 2026 ab 99.72 EUR | katzen;Modernes Design Katzenbett C ab 99.72 EUR bei 3 Shops. 4.2/5 aus 69 Bewertungen.
50;echtholz-katzenbett-nussbaum-d;Echtholz Katzenbett Nussbaum D;FUKUMARU;design-katzenbetten;Design Katzenbetten;101,49;;3.5;70;Memory Foam;90x90;Ja;Grau;Design Katzenbetten;Hochwertiges Design-Katzenbett aus Holz oder modernem Material. Elegant und funktional für jedes Zuhause.;Premium;https://images.unsplash.com/photo-1543852786-1cf6624b9987?w=800&h=800&fit=crop&q=80;https://images.unsplash.com/photo-1518791841217-8f162f1e1131?w=800&h=800&fit=crop&q=80;https://images.unsplash.com/photo-1571566882372-1598d88abd90?w=800&h=800&fit=crop&q=80;Echtholz Katzenbett Nussbaum D - Bild 1;Echtholz Katzenbett Nussbaum D - Bild 2;Echtholz Katzenbett Nussbaum D - Bild 3;https://amzn.to/PLATZHALTER50;https://zooplus.de/PLATZHALTER/echtholz-katzenbett-nussbaum-d;https://fressnapf.de/PLATZHALTER/echtholz-katzenbett-nussbaum-d;101,49;109,61;107,58;B059050XYZ;Hypoallergen;Echtholz Katzenbett Nussbaum D Test 2026 ab 101.49 EUR | kat;Echtholz Katzenbett Nussbaum D ab 101.49 EUR bei 3 Shops. 3.5/5 aus 70 Bewertungen.
51;design-holz-katzenbett-skandinavisch-e;Design Holz Katzenbett Skandinavisch E;Navaris;design-katzenbetten;Design Katzenbetten;103,26;123,91;3.5;71;Orthopädischer Schaum;100x100;Nein;Beige;Design Katzenbetten;Hochwertiges Design-Katzenbett aus Holz oder modernem Material. Elegant und funktional für jedes Zuhause.;Premium;https://images.unsplash.com/photo-1518791841217-8f162f1e1131?w=800&h=800&fit=crop&q=80;https://images.unsplash.com/photo-1571566882372-1598d88abd90?w=800&h=800&fit=crop&q=80;https://images.unsplash.com/photo-1606214174585-fe31582dc6ee?w=800&h=800&fit=crop&q=80;Design Holz Katzenbett Skandinavisch E - Bild 1;Design Holz Katzenbett Skandinavisch E - Bild 2;Design Holz Katzenbett Skandinavisch E - Bild 3;https://amzn.to/PLATZHALTER51;https://zooplus.de/PLATZHALTER/design-holz-katzenbett-skandinavisch-e;https://fressnapf.de/PLATZHALTER/design-holz-katzenbett-skandinavisch-e;103,26;111,52;109,46;B060051XYZ;Umweltfreundlich;Design Holz Katzenbett Skandinavisch E Test 2026 ab 103.26 E;Design Holz Katzenbett Skandinavisch E ab 103.26 EUR bei 3 Shops. 3.5/5 aus 71 Bewertungen.
52;premium-katzenbett-luxus-f;Premium Katzenbett Luxus F;FEANDREA;design-katzenbetten;Design Katzenbetten;105,03;;3.5;72;Wildleder;45x45;Ja;Braun;Design Katzenbetten;Hochwertiges Design-Katzenbett aus Holz oder modernem Material. Elegant und funktional für jedes Zuhause.;Premium;https://images.unsplash.com/photo-1571566882372-1598d88abd90?w=800&h=800&fit=crop&q=80;https://images.unsplash.com/photo-1606214174585-fe31582dc6ee?w=800&h=800&fit=crop&q=80;https://images.unsplash.com/photo-1570824104453-508955ab713e?w=800&h=800&fit=crop&q=80;Premium Katzenbett Luxus F - Bild 1;Premium Katzenbett Luxus F - Bild 2;Premium Katzenbett Luxus F - Bild 3;https://amzn.to/PLATZHALTER52;https://zooplus.de/PLATZHALTER/premium-katzenbett-luxus-f;https://fressnapf.de/PLATZHALTER/premium-katzenbett-luxus-f;105,03;113,43;111,33;B061052XYZ;Leicht zu reinigen;Premium Katzenbett Luxus F Test 2026 ab 105.03 EUR | katzenb;Premium Katzenbett Luxus F ab 105.03 EUR bei 3 Shops. 3.5/5 aus 72 Bewertungen.
53;modernes-design-katzenbett-g;Modernes Design Katzenbett G;CheerPals;design-katzenbetten;Design Katzenbetten;106,80;;3.5;73;Korund;55x55;Ja;Dunkelgrau;Design Katzenbetten;Hochwertiges Design-Katzenbett aus Holz oder modernem Material. Elegant und funktional für jedes Zuhause.;Premium;https://images.unsplash.com/photo-1606214174585-fe31582dc6ee?w=800&h=800&fit=crop&q=80;https://images.unsplash.com/photo-1570824104453-508955ab713e?w=800&h=800&fit=crop&q=80;https://images.unsplash.com/photo-1592194996308-7b43878e84a6?w=800&h=800&fit=crop&q=80;Modernes Design Katzenbett G - Bild 1;Modernes Design Katzenbett G - Bild 2;Modernes Design Katzenbett G - Bild 3;https://amzn.to/PLATZHALTER53;https://zooplus.de/PLATZHALTER/modernes-design-katzenbett-g;https://fressnapf.de/PLATZHALTER/modernes-design-katzenbett-g;106,80;115,34;113,21;B062053XYZ;Ergonomisches Design;Modernes Design Katzenbett G Test 2026 ab 106.80 EUR | katze;Modernes Design Katzenbett G ab 106.80 EUR bei 3 Shops. 3.5/5 aus 73 Bewertungen.
54;echtholz-katzenbett-nussbaum-h;Echtholz Katzenbett Nussbaum H;COZY KISS;design-katzenbetten;Design Katzenbetten;108,57;130,28;3.6;74;Sisal;40x40;Nein;Hellgrau;Design Katzenbetten;Hochwertiges Design-Katzenbett aus Holz oder modernem Material. Elegant und funktional für jedes Zuhause.;Premium;https://images.unsplash.com/photo-1570824104453-508955ab713e?w=800&h=800&fit=crop&q=80;https://images.unsplash.com/photo-1592194996308-7b43878e84a6?w=800&h=800&fit=crop&q=80;https://images.unsplash.com/photo-1583795128727-6ec3642408f8?w=800&h=800&fit=crop&q=80;Echtholz Katzenbett Nussbaum H - Bild 1;Echtholz Katzenbett Nussbaum H - Bild 2;Echtholz Katzenbett Nussbaum H - Bild 3;https://amzn.to/PLATZHALTER54;https://zooplus.de/PLATZHALTER/echtholz-katzenbett-nussbaum-h;https://fressnapf.de/PLATZHALTER/echtholz-katzenbett-nussbaum-h;108,57;117,26;115,08;B063054XYZ;Maschinenwaschbar bis 30°C;Echtholz Katzenbett Nussbaum H Test 2026 ab 108.57 EUR | kat;Echtholz Katzenbett Nussbaum H ab 108.57 EUR bei 3 Shops. 3.6/5 aus 74 Bewertungen.
55;design-holz-katzenbett-skandinavisch-i;Design Holz Katzenbett Skandinavisch I;Amazon Basics;design-katzenbetten;Design Katzenbetten;110,34;;3.6;75;Plüsch;50x50;Ja;Anthrazit;Design Katzenbetten;Hochwertiges Design-Katzenbett aus Holz oder modernem Material. Elegant und funktional für jedes Zuhause.;Premium;https://images.unsplash.com/photo-1592194996308-7b43878e84a6?w=800&h=800&fit=crop&q=80;https://images.unsplash.com/photo-1583795128727-6ec3642408f8?w=800&h=800&fit=crop&q=80;https://images.unsplash.com/photo-1478098711619-5ab0b478d6e6?w=800&h=800&fit=crop&q=80;Design Holz Katzenbett Skandinavisch I - Bild 1;Design Holz Katzenbett Skandinavisch I - Bild 2;Design Holz Katzenbett Skandinavisch I - Bild 3;https://amzn.to/PLATZHALTER55;https://zooplus.de/PLATZHALTER/design-holz-katzenbett-skandinavisch-i;https://fressnapf.de/PLATZHALTER/design-holz-katzenbett-skandinavisch-i;110,34;119,17;116,96;B064055XYZ;Rutschfester Boden;Design Holz Katzenbett Skandinavisch I Test 2026 ab 110.34 E;Design Holz Katzenbett Skandinavisch I ab 110.34 EUR bei 3 Shops. 3.6/5 aus 75 Bewertungen.
56;premium-katzenbett-luxus-j;Premium Katzenbett Luxus J;Dehner;design-katzenbetten;Design Katzenbetten;112,11;;3.6;76;Baumwolle;60x60;Ja;Creme;Design Katzenbetten;Hochwertiges Design-Katzenbett aus Holz oder modernem Material. Elegant und funktional für jedes Zuhause.;Premium;https://images.unsplash.com/photo-1583795128727-6ec3642408f8?w=800&h=800&fit=crop&q=80;https://images.unsplash.com/photo-1478098711619-5ab0b478d6e6?w=800&h=800&fit=crop&q=80;https://images.unsplash.com/photo-1561948955-570b270e7c36?w=800&h=800&fit=crop&q=80;Premium Katzenbett Luxus J - Bild 1;Premium Katzenbett Luxus J - Bild 2;Premium Katzenbett Luxus J - Bild 3;https://amzn.to/PLATZHALTER56;https://zooplus.de/PLATZHALTER/premium-katzenbett-luxus-j;https://fressnapf.de/PLATZHALTER/premium-katzenbett-luxus-j;112,11;121,08;118,84;B065056XYZ;Hypoallergen;Premium Katzenbett Luxus J Test 2026 ab 112.11 EUR | katzenb;Premium Katzenbett Luxus J ab 112.11 EUR bei 3 Shops. 3.6/5 aus 76 Bewertungen.
57;katzensessel-sofa-cord-a;Katzensessel Sofa Cord A;lionto;katzensofas;Katzensofas;113,88;136,66;3.6;77;Filz;70x70;Nein;Schwarz;Katzensofas;Geräumiges Katzensessel mit Cord-Bezug und ergonomischem Design. Bequem für einzelne Katzen oder Paare.;Premium;https://images.unsplash.com/photo-1478098711619-5ab0b478d6e6?w=800&h=800&fit=crop&q=80;https://images.unsplash.com/photo-1561948955-570b270e7c36?w=800&h=800&fit=crop&q=80;https://images.unsplash.com/photo-1494256997604-768d1f608cac?w=800&h=800&fit=crop&q=80;Katzensessel Sofa Cord A - Bild 1;Katzensessel Sofa Cord A - Bild 2;Katzensessel Sofa Cord A - Bild 3;https://amzn.to/PLATZHALTER57;https://zooplus.de/PLATZHALTER/katzensessel-sofa-cord-a;https://fressnapf.de/PLATZHALTER/katzensessel-sofa-cord-a;113,88;122,99;120,71;B066057XYZ;Umweltfreundlich;Katzensessel Sofa Cord A Test 2026 ab 113.88 EUR | katzenbet;Katzensessel Sofa Cord A ab 113.88 EUR bei 3 Shops. 3.6/5 aus 77 Bewertungen.
58;katzensessel-lounge-b;Katzensessel Lounge B;SCHLITZOHR;katzensofas;Katzensofas;115,65;;3.6;78;Fleece;80x80;Ja;Navy;Katzensofas;Geräumiges Katzensessel mit Cord-Bezug und ergonomischem Design. Bequem für einzelne Katzen oder Paare.;Premium;https://images.unsplash.com/photo-1561948955-570b270e7c36?w=800&h=800&fit=crop&q=80;https://images.unsplash.com/photo-1494256997604-768d1f608cac?w=800&h=800&fit=crop&q=80;https://images.unsplash.com/photo-1585373683920-671438c82bfa?w=800&h=800&fit=crop&q=80;Katzensessel Lounge B - Bild 1;Katzensessel Lounge B - Bild 2;Katzensessel Lounge B - Bild 3;https://amzn.to/PLATZHALTER58;https://zooplus.de/PLATZHALTER/katzensessel-lounge-b;https://fressnapf.de/PLATZHALTER/katzensessel-lounge-b;115,65;124,90;122,59;B067058XYZ;Leicht zu reinigen;Katzensessel Lounge B Test 2026 ab 115.65 EUR | katzenbett.d;Katzensessel Lounge B ab 115.65 EUR bei 3 Shops. 3.6/5 aus 78 Bewertungen.
59;modernes-katzensessel-sofa-c;Modernes Katzensessel Sofa C;Trixie;katzensofas;Katzensofas;117,42;;3.6;79;Mikrofaser;90x90;Ja;Taupe;Katzensofas;Geräumiges Katzensessel mit Cord-Bezug und ergonomischem Design. Bequem für einzelne Katzen oder Paare.;Premium;https://images.unsplash.com/photo-1494256997604-768d1f608cac?w=800&h=800&fit=crop&q=80;https://images.unsplash.com/photo-1585373683920-671438c82bfa?w=800&h=800&fit=crop&q=80;https://images.unsplash.com/photo-1618826411640-d6df44dd3f7a?w=800&h=800&fit=crop&q=80;Modernes Katzensessel Sofa C - Bild 1;Modernes Katzensessel Sofa C - Bild 2;Modernes Katzensessel Sofa C - Bild 3;https://amzn.to/PLATZHALTER59;https://zooplus.de/PLATZHALTER/modernes-katzensessel-sofa-c;https://fressnapf.de/PLATZHALTER/modernes-katzensessel-sofa-c;117,42;126,81;124,47;B068059XYZ;Ergonomisches Design;Modernes Katzensessel Sofa C Test 2026 ab 117.42 EUR | katze;Modernes Katzensessel Sofa C ab 117.42 EUR bei 3 Shops. 3.6/5 aus 79 Bewertungen.
60;katzensessel-sofa-cord-d;Katzensessel Sofa Cord D;PetPäl;katzensofas;Katzensofas;119,19;143,03;3.6;80;Linen;100x100;Nein;Grau;Katzensofas;Geräumiges Katzensessel mit Cord-Bezug und ergonomischem Design. Bequem für einzelne Katzen oder Paare.;Premium;https://images.unsplash.com/photo-1585373683920-671438c82bfa?w=800&h=800&fit=crop&q=80;https://images.unsplash.com/photo-1618826411640-d6df44dd3f7a?w=800&h=800&fit=crop&q=80;https://images.unsplash.com/photo-1501820488136-72669149e0d4?w=800&h=800&fit=crop&q=80;Katzensessel Sofa Cord D - Bild 1;Katzensessel Sofa Cord D - Bild 2;Katzensessel Sofa Cord D - Bild 3;https://amzn.to/PLATZHALTER60;https://zooplus.de/PLATZHALTER/katzensessel-sofa-cord-d;https://fressnapf.de/PLATZHALTER/katzensessel-sofa-cord-d;119,19;128,73;126,34;B069060XYZ;Maschinenwaschbar bis 30°C;Katzensessel Sofa Cord D Test 2026 ab 119.19 EUR | katzenbet;Katzensessel Sofa Cord D ab 119.19 EUR bei 3 Shops. 3.6/5 aus 80 Bewertungen.
61;katzensessel-lounge-e;Katzensessel Lounge E;Curver;katzensofas;Katzensofas;120,96;;3.7;81;Memory Foam;45x45;Ja;Beige;Katzensofas;Geräumiges Katzensessel mit Cord-Bezug und ergonomischem Design. Bequem für einzelne Katzen oder Paare.;Premium;https://images.unsplash.com/photo-1618826411640-d6df44dd3f7a?w=800&h=800&fit=crop&q=80;https://images.unsplash.com/photo-1501820488136-72669149e0d4?w=800&h=800&fit=crop&q=80;https://images.unsplash.com/photo-1497752531616-c3afd9760a11?w=800&h=800&fit=crop&q=80;Katzensessel Lounge E - Bild 1;Katzensessel Lounge E - Bild 2;Katzensessel Lounge E - Bild 3;https://amzn.to/PLATZHALTER61;https://zooplus.de/PLATZHALTER/katzensessel-lounge-e;https://fressnapf.de/PLATZHALTER/katzensessel-lounge-e;120,96;130,64;128,22;B070061XYZ;Rutschfester Boden;Katzensessel Lounge E Test 2026 ab 120.96 EUR | katzenbett.d;Katzensessel Lounge E ab 120.96 EUR bei 3 Shops. 3.7/5 aus 81 Bewertungen.
62;modernes-katzensessel-sofa-f;Modernes Katzensessel Sofa F;HUNTER;katzensofas;Katzensofas;122,73;;3.7;82;Orthopädischer Schaum;55x55;Ja;Braun;Katzensofas;Geräumiges Katzensessel mit Cord-Bezug und ergonomischem Design. Bequem für einzelne Katzen oder Paare.;Premium;https://images.unsplash.com/photo-1501820488136-72669149e0d4?w=800&h=800&fit=crop&q=80;https://images.unsplash.com/photo-1497752531616-c3afd9760a11?w=800&h=800&fit=crop&q=80;https://images.unsplash.com/photo-1529778873920-4da4926a72c2?w=800&h=800&fit=crop&q=80;Modernes Katzensessel Sofa F - Bild 1;Modernes Katzensessel Sofa F - Bild 2;Modernes Katzensessel Sofa F - Bild 3;https://amzn.to/PLATZHALTER62;https://zooplus.de/PLATZHALTER/modernes-katzensessel-sofa-f;https://fressnapf.de/PLATZHALTER/modernes-katzensessel-sofa-f;122,73;132,55;130,09;B071062XYZ;Hypoallergen;Modernes Katzensessel Sofa F Test 2026 ab 122.73 EUR | katze;Modernes Katzensessel Sofa F ab 122.73 EUR bei 3 Shops. 3.7/5 aus 82 Bewertungen.
63;kratzbett-mit-dach-sisal-a;Kratzbett mit Dach Sisal A;CasaLoba;kratzbetten;Kratzbetten;124,50;149,40;3.7;83;Wildleder;40x40;Nein;Dunkelgrau;Kratzbetten;Kombination aus Kratzbett und Liegefläche mit Sisal-Kratzflächen. Erfüllt zwei Funktionen in einem.;Premium;https://images.unsplash.com/photo-1497752531616-c3afd9760a11?w=800&h=800&fit=crop&q=80;https://images.unsplash.com/photo-1529778873920-4da4926a72c2?w=800&h=800&fit=crop&q=80;https://images.unsplash.com/photo-1511044568932-338cba0ad803?w=800&h=800&fit=crop&q=80;Kratzbett mit Dach Sisal A - Bild 1;Kratzbett mit Dach Sisal A - Bild 2;Kratzbett mit Dach Sisal A - Bild 3;https://amzn.to/PLATZHALTER63;https://zooplus.de/PLATZHALTER/kratzbett-mit-dach-sisal-a;https://fressnapf.de/PLATZHALTER/kratzbett-mit-dach-sisal-a;124,50;134,46;131,97;B072063XYZ;Umweltfreundlich;Kratzbett mit Dach Sisal A Test 2026 ab 124.50 EUR | katzenb;Kratzbett mit Dach Sisal A ab 124.50 EUR bei 3 Shops. 3.7/5 aus 83 Bewertungen.
64;kratzbett-kratzflaeche-katze-b;Kratzbett Kratzfläche Katze B;Kerbl;kratzbetten;Kratzbetten;126,27;;3.7;84;Korund;50x50;Ja;Hellgrau;Kratzbetten;Kombination aus Kratzbett und Liegefläche mit Sisal-Kratzflächen. Erfüllt zwei Funktionen in einem.;Premium;https://images.unsplash.com/photo-1529778873920-4da4926a72c2?w=800&h=800&fit=crop&q=80;https://images.unsplash.com/photo-1511044568932-338cba0ad803?w=800&h=800&fit=crop&q=80;https://images.unsplash.com/photo-1513245543132-31f507417b26?w=800&h=800&fit=crop&q=80;Kratzbett Kratzfläche Katze B - Bild 1;Kratzbett Kratzfläche Katze B - Bild 2;Kratzbett Kratzfläche Katze B - Bild 3;https://amzn.to/PLATZHALTER64;https://zooplus.de/PLATZHALTER/kratzbett-kratzflaeche-katze-b;https://fressnapf.de/PLATZHALTER/kratzbett-kratzflaeche-katze-b;126,27;136,37;133,85;B073064XYZ;Leicht zu reinigen;Kratzbett Kratzfläche Katze B Test 2026 ab 126.27 EUR | katz;Kratzbett Kratzfläche Katze B ab 126.27 EUR bei 3 Shops. 3.7/5 aus 84 Bewertungen.
65;katzenbett-decke-waermeschutz-a;Katzenbett Decke Wärmeschutz A;YITAHOME;katzenbett-zubehoer;Zubehör;128,04;;3.7;85;Sisal;60x60;Ja;Anthrazit;Zubehör;Zubehör für Katzenbetten wie Wärmekissen und Decken. Erhöht den Komfort und die Wärmespeicherung.;Premium;https://images.unsplash.com/photo-1511044568932-338cba0ad803?w=800&h=800&fit=crop&q=80;https://images.unsplash.com/photo-1513245543132-31f507417b26?w=800&h=800&fit=crop&q=80;https://images.unsplash.com/photo-1445499348736-29b6cdfc03b9?w=800&h=800&fit=crop&q=80;Katzenbett Decke Wärmeschutz A - Bild 1;Katzenbett Decke Wärmeschutz A - Bild 2;Katzenbett Decke Wärmeschutz A - Bild 3;https://amzn.to/PLATZHALTER65;https://zooplus.de/PLATZHALTER/katzenbett-decke-waermeschutz-a;https://fressnapf.de/PLATZHALTER/katzenbett-decke-waermeschutz-a;128,04;138,28;135,72;B074065XYZ;Ergonomisches Design;Katzenbett Decke Wärmeschutz A Test 2026 ab 128.04 EUR | kat;Katzenbett Decke Wärmeschutz A ab 128.04 EUR bei 3 Shops. 3.7/5 aus 85 Bewertungen.
66;katzenkissen-heizpad-b;Katzenkissen Heizpad B;ACE2ACE;katzenbett-zubehoer;Zubehör;129,81;155,77;3.7;86;Plüsch;70x70;Nein;Creme;Zubehör;Zubehör für Katzenbetten wie Wärmekissen und Decken. Erhöht den Komfort und die Wärmespeicherung.;Premium;https://images.unsplash.com/photo-1513245543132-31f507417b26?w=800&h=800&fit=crop&q=80;https://images.unsplash.com/photo-1445499348736-29b6cdfc03b9?w=800&h=800&fit=crop&q=80;https://images.unsplash.com/photo-1559235038-1b0fadf76f78?w=800&h=800&fit=crop&q=80;Katzenkissen Heizpad B - Bild 1;Katzenkissen Heizpad B - Bild 2;Katzenkissen Heizpad B - Bild 3;https://amzn.to/PLATZHALTER66;https://zooplus.de/PLATZHALTER/katzenkissen-heizpad-b;https://fressnapf.de/PLATZHALTER/katzenkissen-heizpad-b;129,81;140,19;137,60;B075066XYZ;Maschinenwaschbar bis 30°C;Katzenkissen Heizpad B Test 2026 ab 129.81 EUR | katzenbett.;Katzenkissen Heizpad B ab 129.81 EUR bei 3 Shops. 3.7/5 aus 86 Bewertungen.
67;klassisches-katzenbett-a;Klassisches Katzenbett A;Pecute;katzenbetten;Klassische Katzenbetten;131,58;;3.8;87;Baumwolle;80x80;Ja;Schwarz;Klassische Katzenbetten;Klassisches weiches Katzenbett in verschiedenen Formen und Größen. Gemütlicher Rückzugsort für Ihre Katze.;Premium;https://images.unsplash.com/photo-1445499348736-29b6cdfc03b9?w=800&h=800&fit=crop&q=80;https://images.unsplash.com/photo-1559235038-1b0fadf76f78?w=800&h=800&fit=crop&q=80;https://images.unsplash.com/photo-1596854273338-cbf078ec7071?w=800&h=800&fit=crop&q=80;Klassisches Katzenbett A - Bild 1;Klassisches Katzenbett A - Bild 2;Klassisches Katzenbett A - Bild 3;https://amzn.to/PLATZHALTER67;https://zooplus.de/PLATZHALTER/klassisches-katzenbett-a;https://fressnapf.de/PLATZHALTER/klassisches-katzenbett-a;131,58;142,11;139,47;B076067XYZ;Rutschfester Boden;Klassisches Katzenbett A Test 2026 ab 131.58 EUR | katzenbet;Klassisches Katzenbett A ab 131.58 EUR bei 3 Shops. 3.8/5 aus 87 Bewertungen.
68;ovales-katzenbett-korb-b;Ovales Katzenbett Korb B;Zeze;katzenbetten;Klassische Katzenbetten;133,35;;3.8;88;Filz;90x90;Ja;Navy;Klassische Katzenbetten;Klassisches weiches Katzenbett in verschiedenen Formen und Größen. Gemütlicher Rückzugsort für Ihre Katze.;Premium;https://images.unsplash.com/photo-1559235038-1b0fadf76f78?w=800&h=800&fit=crop&q=80;https://images.unsplash.com/photo-1596854273338-cbf078ec7071?w=800&h=800&fit=crop&q=80;https://images.unsplash.com/photo-1595433707802-6b2626ef1c91?w=800&h=800&fit=crop&q=80;Ovales Katzenbett Korb B - Bild 1;Ovales Katzenbett Korb B - Bild 2;Ovales Katzenbett Korb B - Bild 3;https://amzn.to/PLATZHALTER68;https://zooplus.de/PLATZHALTER/ovales-katzenbett-korb-b;https://fressnapf.de/PLATZHALTER/ovales-katzenbett-korb-b;133,35;144,02;141,35;B077068XYZ;Hypoallergen;Ovales Katzenbett Korb B Test 2026 ab 133.35 EUR | katzenbet;Ovales Katzenbett Korb B ab 133.35 EUR bei 3 Shops. 3.8/5 aus 88 Bewertungen.
69;katzennest-schlafbett-c;Katzennest Schlafbett C;LucyBalu;katzenbetten;Klassische Katzenbetten;135,12;162,14;3.8;89;Fleece;100x100;Nein;Taupe;Klassische Katzenbetten;Klassisches weiches Katzenbett in verschiedenen Formen und Größen. Gemütlicher Rückzugsort für Ihre Katze.;Premium;https://images.unsplash.com/photo-1596854273338-cbf078ec7071?w=800&h=800&fit=crop&q=80;https://images.unsplash.com/photo-1595433707802-6b2626ef1c91?w=800&h=800&fit=crop&q=80;https://images.unsplash.com/photo-1560114928-40f1f1eb26a0?w=800&h=800&fit=crop&q=80;Katzennest Schlafbett C - Bild 1;Katzennest Schlafbett C - Bild 2;Katzennest Schlafbett C - Bild 3;https://amzn.to/PLATZHALTER69;https://zooplus.de/PLATZHALTER/katzennest-schlafbett-c;https://fressnapf.de/PLATZHALTER/katzennest-schlafbett-c;135,12;145,93;143,23;B078069XYZ;Umweltfreundlich;Katzennest Schlafbett C Test 2026 ab 135.12 EUR | katzenbett;Katzennest Schlafbett C ab 135.12 EUR bei 3 Shops. 3.8/5 aus 89 Bewertungen.
70;gemuetliches-katzenbett-d;Gemütliches Katzenbett D;Dibea;katzenbetten;Klassische Katzenbetten;136,89;;3.8;90;Mikrofaser;45x45;Ja;Grau;Klassische Katzenbetten;Klassisches weiches Katzenbett in verschiedenen Formen und Größen. Gemütlicher Rückzugsort für Ihre Katze.;Premium;https://images.unsplash.com/photo-1595433707802-6b2626ef1c91?w=800&h=800&fit=crop&q=80;https://images.unsplash.com/photo-1560114928-40f1f1eb26a0?w=800&h=800&fit=crop&q=80;https://images.unsplash.com/photo-1606567595334-d39972c85dbe?w=800&h=800&fit=crop&q=80;Gemütliches Katzenbett D - Bild 1;Gemütliches Katzenbett D - Bild 2;Gemütliches Katzenbett D - Bild 3;https://amzn.to/PLATZHALTER70;https://zooplus.de/PLATZHALTER/gemuetliches-katzenbett-d;https://fressnapf.de/PLATZHALTER/gemuetliches-katzenbett-d;136,89;147,84;145,10;B079070XYZ;Leicht zu reinigen;Gemütliches Katzenbett D Test 2026 ab 136.89 EUR | katzenbet;Gemütliches Katzenbett D ab 136.89 EUR bei 3 Shops. 3.8/5 aus 90 Bewertungen.
71;weiches-katzenbett-liegebett-e;Weiches Katzenbett Liegebett E;Lesure;katzenbetten;Klassische Katzenbetten;138,66;;3.8;91;Linen;55x55;Ja;Beige;Klassische Katzenbetten;Klassisches weiches Katzenbett in verschiedenen Formen und Größen. Gemütlicher Rückzugsort für Ihre Katze.;Premium;https://images.unsplash.com/photo-1560114928-40f1f1eb26a0?w=800&h=800&fit=crop&q=80;https://images.unsplash.com/photo-1606567595334-d39972c85dbe?w=800&h=800&fit=crop&q=80;https://images.unsplash.com/photo-1589883661923-6476cb0ae9f2?w=800&h=800&fit=crop&q=80;Weiches Katzenbett Liegebett E - Bild 1;Weiches Katzenbett Liegebett E - Bild 2;Weiches Katzenbett Liegebett E - Bild 3;https://amzn.to/PLATZHALTER71;https://zooplus.de/PLATZHALTER/weiches-katzenbett-liegebett-e;https://fressnapf.de/PLATZHALTER/weiches-katzenbett-liegebett-e;138,66;149,75;146,98;B080071XYZ;Ergonomisches Design;Weiches Katzenbett Liegebett E Test 2026 ab 138.66 EUR | kat;Weiches Katzenbett Liegebett E ab 138.66 EUR bei 3 Shops. 3.8/5 aus 91 Bewertungen.
72;klassisches-katzenbett-f;Klassisches Katzenbett F;Catit;katzenbetten;Klassische Katzenbetten;140,43;168,52;3.8;92;Memory Foam;40x40;Nein;Braun;Klassische Katzenbetten;Klassisches weiches Katzenbett in verschiedenen Formen und Größen. Gemütlicher Rückzugsort für Ihre Katze.;Premium;https://images.unsplash.com/photo-1606567595334-d39972c85dbe?w=800&h=800&fit=crop&q=80;https://images.unsplash.com/photo-1589883661923-6476cb0ae9f2?w=800&h=800&fit=crop&q=80;https://images.unsplash.com/photo-1568043210943-950cc85c6c8b?w=800&h=800&fit=crop&q=80;Klassisches Katzenbett F - Bild 1;Klassisches Katzenbett F - Bild 2;Klassisches Katzenbett F - Bild 3;https://amzn.to/PLATZHALTER72;https://zooplus.de/PLATZHALTER/klassisches-katzenbett-f;https://fressnapf.de/PLATZHALTER/klassisches-katzenbett-f;140,43;151,66;148,86;B081072XYZ;Maschinenwaschbar bis 30°C;Klassisches Katzenbett F Test 2026 ab 140.43 EUR | katzenbet;Klassisches Katzenbett F ab 140.43 EUR bei 3 Shops. 3.8/5 aus 92 Bewertungen.
73;ovales-katzenbett-korb-g;Ovales Katzenbett Korb G;K&H;katzenbetten;Klassische Katzenbetten;142,20;;3.8;93;Orthopädischer Schaum;50x50;Ja;Dunkelgrau;Klassische Katzenbetten;Klassisches weiches Katzenbett in verschiedenen Formen und Größen. Gemütlicher Rückzugsort für Ihre Katze.;Premium;https://images.unsplash.com/photo-1589883661923-6476cb0ae9f2?w=800&h=800&fit=crop&q=80;https://images.unsplash.com/photo-1568043210943-950cc85c6c8b?w=800&h=800&fit=crop&q=80;https://images.unsplash.com/photo-1617228834732-bf5421ba26e9?w=800&h=800&fit=crop&q=80;Ovales Katzenbett Korb G - Bild 1;Ovales Katzenbett Korb G - Bild 2;Ovales Katzenbett Korb G - Bild 3;https://amzn.to/PLATZHALTER73;https://zooplus.de/PLATZHALTER/ovales-katzenbett-korb-g;https://fressnapf.de/PLATZHALTER/ovales-katzenbett-korb-g;142,20;153,58;150,73;B082073XYZ;Rutschfester Boden;Ovales Katzenbett Korb G Test 2026 ab 142.20 EUR | katzenbet;Ovales Katzenbett Korb G ab 142.20 EUR bei 3 Shops. 3.8/5 aus 93 Bewertungen.
74;katzennest-schlafbett-h;Katzennest Schlafbett H;Pawhut;katzenbetten;Klassische Katzenbetten;143,97;;3.9;94;Wildleder;60x60;Ja;Hellgrau;Klassische Katzenbetten;Klassisches weiches Katzenbett in verschiedenen Formen und Größen. Gemütlicher Rückzugsort für Ihre Katze.;Premium;https://images.unsplash.com/photo-1568043210943-950cc85c6c8b?w=800&h=800&fit=crop&q=80;https://images.unsplash.com/photo-1617228834732-bf5421ba26e9?w=800&h=800&fit=crop&q=80;https://images.unsplash.com/photo-1556583995-f56e75fae39d?w=800&h=800&fit=crop&q=80;Katzennest Schlafbett H - Bild 1;Katzennest Schlafbett H - Bild 2;Katzennest Schlafbett H - Bild 3;https://amzn.to/PLATZHALTER74;https://zooplus.de/PLATZHALTER/katzennest-schlafbett-h;https://fressnapf.de/PLATZHALTER/katzennest-schlafbett-h;143,97;155,49;152,61;B083074XYZ;Hypoallergen;Katzennest Schlafbett H Test 2026 ab 143.97 EUR | katzenbett;Katzennest Schlafbett H ab 143.97 EUR bei 3 Shops. 3.9/5 aus 94 Bewertungen.
75;gemuetliches-katzenbett-i;Gemütliches Katzenbett I;Morpilot;katzenbetten;Klassische Katzenbetten;145,74;174,89;3.9;95;Korund;70x70;Nein;Anthrazit;Klassische Katzenbetten;Klassisches weiches Katzenbett in verschiedenen Formen und Größen. Gemütlicher Rückzugsort für Ihre Katze.;Premium;https://images.unsplash.com/photo-1617228834732-bf5421ba26e9?w=800&h=800&fit=crop&q=80;https://images.unsplash.com/photo-1556583995-f56e75fae39d?w=800&h=800&fit=crop&q=80;https://images.unsplash.com/photo-1548366086-7f1b76106622?w=800&h=800&fit=crop&q=80;Gemütliches Katzenbett I - Bild 1;Gemütliches Katzenbett I - Bild 2;Gemütliches Katzenbett I - Bild 3;https://amzn.to/PLATZHALTER75;https://zooplus.de/PLATZHALTER/gemuetliches-katzenbett-i;https://fressnapf.de/PLATZHALTER/gemuetliches-katzenbett-i;145,74;157,40;154,48;B084075XYZ;Umweltfreundlich;Gemütliches Katzenbett I Test 2026 ab 145.74 EUR | katzenbet;Gemütliches Katzenbett I ab 145.74 EUR bei 3 Shops. 3.9/5 aus 95 Bewertungen.
76;weiches-katzenbett-liegebett-j;Weiches Katzenbett Liegebett J;Petio;katzenbetten;Klassische Katzenbetten;147,51;;3.9;96;Sisal;80x80;Ja;Creme;Klassische Katzenbetten;Klassisches weiches Katzenbett in verschiedenen Formen und Größen. Gemütlicher Rückzugsort für Ihre Katze.;Premium;https://images.unsplash.com/photo-1556583995-f56e75fae39d?w=800&h=800&fit=crop&q=80;https://images.unsplash.com/photo-1548366086-7f1b76106622?w=800&h=800&fit=crop&q=80;https://images.unsplash.com/photo-1598188306155-25e400eb5078?w=800&h=800&fit=crop&q=80;Weiches Katzenbett Liegebett J - Bild 1;Weiches Katzenbett Liegebett J - Bild 2;Weiches Katzenbett Liegebett J - Bild 3;https://amzn.to/PLATZHALTER76;https://zooplus.de/PLATZHALTER/weiches-katzenbett-liegebett-j;https://fressnapf.de/PLATZHALTER/weiches-katzenbett-liegebett-j;147,51;159,31;156,36;B085076XYZ;Leicht zu reinigen;Weiches Katzenbett Liegebett J Test 2026 ab 147.51 EUR | kat;Weiches Katzenbett Liegebett J ab 147.51 EUR bei 3 Shops. 3.9/5 aus 96 Bewertungen.
77;klassisches-katzenbett-k;Klassisches Katzenbett K;SONGMICS;katzenbetten;Klassische Katzenbetten;149,28;;3.9;97;Plüsch;90x90;Ja;Schwarz;Klassische Katzenbetten;Klassisches weiches Katzenbett in verschiedenen Formen und Größen. Gemütlicher Rückzugsort für Ihre Katze.;Premium;https://images.unsplash.com/photo-1548366086-7f1b76106622?w=800&h=800&fit=crop&q=80;https://images.unsplash.com/photo-1598188306155-25e400eb5078?w=800&h=800&fit=crop&q=80;https://images.unsplash.com/photo-1615497001839-b0a0eac3274c?w=800&h=800&fit=crop&q=80;Klassisches Katzenbett K - Bild 1;Klassisches Katzenbett K - Bild 2;Klassisches Katzenbett K - Bild 3;https://amzn.to/PLATZHALTER77;https://zooplus.de/PLATZHALTER/klassisches-katzenbett-k;https://fressnapf.de/PLATZHALTER/klassisches-katzenbett-k;149,28;161,22;158,24;B086077XYZ;Ergonomisches Design;Klassisches Katzenbett K Test 2026 ab 149.28 EUR | katzenbet;Klassisches Katzenbett K ab 149.28 EUR bei 3 Shops. 3.9/5 aus 97 Bewertungen.
78;ovales-katzenbett-korb-l;Ovales Katzenbett Korb L;Nobby;katzenbetten;Klassische Katzenbetten;151,05;181,26;3.9;98;Baumwolle;100x100;Nein;Navy;Klassische Katzenbetten;Klassisches weiches Katzenbett in verschiedenen Formen und Größen. Gemütlicher Rückzugsort für Ihre Katze.;Premium;https://images.unsplash.com/photo-1598188306155-25e400eb5078?w=800&h=800&fit=crop&q=80;https://images.unsplash.com/photo-1615497001839-b0a0eac3274c?w=800&h=800&fit=crop&q=80;https://images.unsplash.com/photo-1573865526739-10659fec78a5?w=800&h=800&fit=crop&q=80;Ovales Katzenbett Korb L - Bild 1;Ovales Katzenbett Korb L - Bild 2;Ovales Katzenbett Korb L - Bild 3;https://amzn.to/PLATZHALTER78;https://zooplus.de/PLATZHALTER/ovales-katzenbett-korb-l;https://fressnapf.de/PLATZHALTER/ovales-katzenbett-korb-l;151,05;163,13;160,11;B087078XYZ;Maschinenwaschbar bis 30°C;Ovales Katzenbett Korb L Test 2026 ab 151.05 EUR | katzenbet;Ovales Katzenbett Korb L ab 151.05 EUR bei 3 Shops. 3.9/5 aus 98 Bewertungen.
79;katzennest-schlafbett-m;Katzennest Schlafbett M;Nobleza;katzenbetten;Klassische Katzenbetten;152,82;;3.9;99;Filz;45x45;Ja;Taupe;Klassische Katzenbetten;Klassisches weiches Katzenbett in verschiedenen Formen und Größen. Gemütlicher Rückzugsort für Ihre Katze.;Premium;https://images.unsplash.com/photo-1615497001839-b0a0eac3274c?w=800&h=800&fit=crop&q=80;https://images.unsplash.com/photo-1573865526739-10659fec78a5?w=800&h=800&fit=crop&q=80;https://images.unsplash.com/photo-1514888286974-6c03e2ca1dba?w=800&h=800&fit=crop&q=80;Katzennest Schlafbett M - Bild 1;Katzennest Schlafbett M - Bild 2;Katzennest Schlafbett M - Bild 3;https://amzn.to/PLATZHALTER79;https://zooplus.de/PLATZHALTER/katzennest-schlafbett-m;https://fressnapf.de/PLATZHALTER/katzennest-schlafbett-m;152,82;165,05;161,99;B088079XYZ;Rutschfester Boden;Katzennest Schlafbett M Test 2026 ab 152.82 EUR | katzenbett;Katzennest Schlafbett M ab 152.82 EUR bei 3 Shops. 3.9/5 aus 99 Bewertungen.
80;gemuetliches-katzenbett-n;Gemütliches Katzenbett N;West Paw;katzenbetten;Klassische Katzenbetten;154,59;;4.0;100;Fleece;55x55;Ja;Grau;Klassische Katzenbetten;Klassisches weiches Katzenbett in verschiedenen Formen und Größen. Gemütlicher Rückzugsort für Ihre Katze.;Premium;https://images.unsplash.com/photo-1573865526739-10659fec78a5?w=800&h=800&fit=crop&q=80;https://images.unsplash.com/photo-1514888286974-6c03e2ca1dba?w=800&h=800&fit=crop&q=80;https://images.unsplash.com/photo-1495360010541-f48722b34f7d?w=800&h=800&fit=crop&q=80;Gemütliches Katzenbett N - Bild 1;Gemütliches Katzenbett N - Bild 2;Gemütliches Katzenbett N - Bild 3;https://amzn.to/PLATZHALTER80;https://zooplus.de/PLATZHALTER/gemuetliches-katzenbett-n;https://fressnapf.de/PLATZHALTER/gemuetliches-katzenbett-n;154,59;166,96;163,87;B089080XYZ;Hypoallergen;Gemütliches Katzenbett N Test 2026 ab 154.59 EUR | katzenbet;Gemütliches Katzenbett N ab 154.59 EUR bei 3 Shops. 4.0/5 aus 100 Bewertungen.
81;weiches-katzenbett-liegebett-o;Weiches Katzenbett Liegebett O;AFP;katzenbetten;Klassische Katzenbetten;156,36;187,63;4.0;101;Mikrofaser;40x40;Nein;Beige;Klassische Katzenbetten;Klassisches weiches Katzenbett in verschiedenen Formen und Größen. Gemütlicher Rückzugsort für Ihre Katze.;Premium;https://images.unsplash.com/photo-1514888286974-6c03e2ca1dba?w=800&h=800&fit=crop&q=80;https://images.unsplash.com/photo-1495360010541-f48722b34f7d?w=800&h=800&fit=crop&q=80;https://images.unsplash.com/photo-1526336024174-e58f5cdd8e13?w=800&h=800&fit=crop&q=80;Weiches Katzenbett Liegebett O - Bild 1;Weiches Katzenbett Liegebett O - Bild 2;Weiches Katzenbett Liegebett O - Bild 3;https://amzn.to/PLATZHALTER81;https://zooplus.de/PLATZHALTER/weiches-katzenbett-liegebett-o;https://fressnapf.de/PLATZHALTER/weiches-katzenbett-liegebett-o;156,36;168,87;165,74;B090081XYZ;Umweltfreundlich;Weiches Katzenbett Liegebett O Test 2026 ab 156.36 EUR | kat;Weiches Katzenbett Liegebett O ab 156.36 EUR bei 3 Shops. 4.0/5 aus 101 Bewertungen.
82;klassisches-katzenbett-p;Klassisches Katzenbett P;Meyou;katzenbetten;Klassische Katzenbetten;158,13;;4.0;102;Linen;50x50;Ja;Braun;Klassische Katzenbetten;Klassisches weiches Katzenbett in verschiedenen Formen und Größen. Gemütlicher Rückzugsort für Ihre Katze.;Premium;https://images.unsplash.com/photo-1495360010541-f48722b34f7d?w=800&h=800&fit=crop&q=80;https://images.unsplash.com/photo-1526336024174-e58f5cdd8e13?w=800&h=800&fit=crop&q=80;https://images.unsplash.com/photo-1548247416-ec66f4900b2e?w=800&h=800&fit=crop&q=80;Klassisches Katzenbett P - Bild 1;Klassisches Katzenbett P - Bild 2;Klassisches Katzenbett P - Bild 3;https://amzn.to/PLATZHALTER82;https://zooplus.de/PLATZHALTER/klassisches-katzenbett-p;https://fressnapf.de/PLATZHALTER/klassisches-katzenbett-p;158,13;170,78;167,62;B091082XYZ;Leicht zu reinigen;Klassisches Katzenbett P Test 2026 ab 158.13 EUR | katzenbet;Klassisches Katzenbett P ab 158.13 EUR bei 3 Shops. 4.0/5 aus 102 Bewertungen.
83;ovales-katzenbett-korb-q;Ovales Katzenbett Korb Q;MiaCara;katzenbetten;Klassische Katzenbetten;159,90;;4.0;103;Memory Foam;60x60;Ja;Dunkelgrau;Klassische Katzenbetten;Klassisches weiches Katzenbett in verschiedenen Formen und Größen. Gemütlicher Rückzugsort für Ihre Katze.;Premium;https://images.unsplash.com/photo-1526336024174-e58f5cdd8e13?w=800&h=800&fit=crop&q=80;https://images.unsplash.com/photo-1548247416-ec66f4900b2e?w=800&h=800&fit=crop&q=80;https://images.unsplash.com/photo-1519052537078-e6302a4968d4?w=800&h=800&fit=crop&q=80;Ovales Katzenbett Korb Q - Bild 1;Ovales Katzenbett Korb Q - Bild 2;Ovales Katzenbett Korb Q - Bild 3;https://amzn.to/PLATZHALTER83;https://zooplus.de/PLATZHALTER/ovales-katzenbett-korb-q;https://fressnapf.de/PLATZHALTER/ovales-katzenbett-korb-q;159,90;172,69;169,49;B092083XYZ;Ergonomisches Design;Ovales Katzenbett Korb Q Test 2026 ab 159.90 EUR | katzenbet;Ovales Katzenbett Korb Q ab 159.90 EUR bei 3 Shops. 4.0/5 aus 103 Bewertungen.
84;katzennest-schlafbett-r;Katzennest Schlafbett R;PETLIBRO;katzenbetten;Klassische Katzenbetten;161,67;194,00;4.0;104;Orthopädischer Schaum;70x70;Nein;Hellgrau;Klassische Katzenbetten;Klassisches weiches Katzenbett in verschiedenen Formen und Größen. Gemütlicher Rückzugsort für Ihre Katze.;Premium;https://images.unsplash.com/photo-1548247416-ec66f4900b2e?w=800&h=800&fit=crop&q=80;https://images.unsplash.com/photo-1519052537078-e6302a4968d4?w=800&h=800&fit=crop&q=80;https://images.unsplash.com/photo-1533738363-b7f9aef128ce?w=800&h=800&fit=crop&q=80;Katzennest Schlafbett R - Bild 1;Katzennest Schlafbett R - Bild 2;Katzennest Schlafbett R - Bild 3;https://amzn.to/PLATZHALTER84;https://zooplus.de/PLATZHALTER/katzennest-schlafbett-r;https://fressnapf.de/PLATZHALTER/katzennest-schlafbett-r;161,67;174,60;171,37;B093084XYZ;Maschinenwaschbar bis 30°C;Katzennest Schlafbett R Test 2026 ab 161.67 EUR | katzenbett;Katzennest Schlafbett R ab 161.67 EUR bei 3 Shops. 4.0/5 aus 104 Bewertungen.
85;gemuetliches-katzenbett-s;Gemütliches Katzenbett S;FurHaven;katzenbetten;Klassische Katzenbetten;163,44;;4.0;105;Wildleder;80x80;Ja;Anthrazit;Klassische Katzenbetten;Klassisches weiches Katzenbett in verschiedenen Formen und Größen. Gemütlicher Rückzugsort für Ihre Katze.;Premium;https://images.unsplash.com/photo-1519052537078-e6302a4968d4?w=800&h=800&fit=crop&q=80;https://images.unsplash.com/photo-1533738363-b7f9aef128ce?w=800&h=800&fit=crop&q=80;https://images.unsplash.com/photo-1574158622682-e40e69881006?w=800&h=800&fit=crop&q=80;Gemütliches Katzenbett S - Bild 1;Gemütliches Katzenbett S - Bild 2;Gemütliches Katzenbett S - Bild 3;https://amzn.to/PLATZHALTER85;https://zooplus.de/PLATZHALTER/gemuetliches-katzenbett-s;https://fressnapf.de/PLATZHALTER/gemuetliches-katzenbett-s;163,44;176,52;173,25;B094085XYZ;Rutschfester Boden;Gemütliches Katzenbett S Test 2026 ab 163.44 EUR | katzenbet;Gemütliches Katzenbett S ab 163.44 EUR bei 3 Shops. 4.0/5 aus 105 Bewertungen.
86;weiches-katzenbett-liegebett-t;Weiches Katzenbett Liegebett T;Petface;katzenbetten;Klassische Katzenbetten;165,21;;4.0;106;Korund;90x90;Ja;Creme;Klassische Katzenbetten;Klassisches weiches Katzenbett in verschiedenen Formen und Größen. Gemütlicher Rückzugsort für Ihre Katze.;Premium;https://images.unsplash.com/photo-1533738363-b7f9aef128ce?w=800&h=800&fit=crop&q=80;https://images.unsplash.com/photo-1574158622682-e40e69881006?w=800&h=800&fit=crop&q=80;https://images.unsplash.com/photo-1596854407944-bf87f6fdd49e?w=800&h=800&fit=crop&q=80;Weiches Katzenbett Liegebett T - Bild 1;Weiches Katzenbett Liegebett T - Bild 2;Weiches Katzenbett Liegebett T - Bild 3;https://amzn.to/PLATZHALTER86;https://zooplus.de/PLATZHALTER/weiches-katzenbett-liegebett-t;https://fressnapf.de/PLATZHALTER/weiches-katzenbett-liegebett-t;165,21;178,43;175,12;B095086XYZ;Hypoallergen;Weiches Katzenbett Liegebett T Test 2026 ab 165.21 EUR | kat;Weiches Katzenbett Liegebett T ab 165.21 EUR bei 3 Shops. 4.0/5 aus 106 Bewertungen.
87;klassisches-katzenbett-u;Klassisches Katzenbett U;JEMIDI;katzenbetten;Klassische Katzenbetten;166,98;200,38;4.1;107;Sisal;100x100;Nein;Schwarz;Klassische Katzenbetten;Klassisches weiches Katzenbett in verschiedenen Formen und Größen. Gemütlicher Rückzugsort für Ihre Katze.;Premium;https://images.unsplash.com/photo-1574158622682-e40e69881006?w=800&h=800&fit=crop&q=80;https://images.unsplash.com/photo-1596854407944-bf87f6fdd49e?w=800&h=800&fit=crop&q=80;https://images.unsplash.com/photo-1543852786-1cf6624b9987?w=800&h=800&fit=crop&q=80;Klassisches Katzenbett U - Bild 1;Klassisches Katzenbett U - Bild 2;Klassisches Katzenbett U - Bild 3;https://amzn.to/PLATZHALTER87;https://zooplus.de/PLATZHALTER/klassisches-katzenbett-u;https://fressnapf.de/PLATZHALTER/klassisches-katzenbett-u;166,98;180,34;177,00;B096087XYZ;Umweltfreundlich;Klassisches Katzenbett U Test 2026 ab 166.98 EUR | katzenbet;Klassisches Katzenbett U ab 166.98 EUR bei 3 Shops. 4.1/5 aus 107 Bewertungen.
88;ovales-katzenbett-korb-v;Ovales Katzenbett Korb V;Eono;katzenbetten;Klassische Katzenbetten;168,75;;4.1;108;Plüsch;45x45;Ja;Navy;Klassische Katzenbetten;Klassisches weiches Katzenbett in verschiedenen Formen und Größen. Gemütlicher Rückzugsort für Ihre Katze.;Premium;https://images.unsplash.com/photo-1596854407944-bf87f6fdd49e?w=800&h=800&fit=crop&q=80;https://images.unsplash.com/photo-1543852786-1cf6624b9987?w=800&h=800&fit=crop&q=80;https://images.unsplash.com/photo-1518791841217-8f162f1e1131?w=800&h=800&fit=crop&q=80;Ovales Katzenbett Korb V - Bild 1;Ovales Katzenbett Korb V - Bild 2;Ovales Katzenbett Korb V - Bild 3;https://amzn.to/PLATZHALTER88;https://zooplus.de/PLATZHALTER/ovales-katzenbett-korb-v;https://fressnapf.de/PLATZHALTER/ovales-katzenbett-korb-v;168,75;182,25;178,88;B097088XYZ;Leicht zu reinigen;Ovales Katzenbett Korb V Test 2026 ab 168.75 EUR | katzenbet;Ovales Katzenbett Korb V ab 168.75 EUR bei 3 Shops. 4.1/5 aus 108 Bewertungen.
89;katzennest-schlafbett-w;Katzennest Schlafbett W;LIFEBEA;katzenbetten;Klassische Katzenbetten;170,52;;4.1;109;Baumwolle;55x55;Ja;Taupe;Klassische Katzenbetten;Klassisches weiches Katzenbett in verschiedenen Formen und Größen. Gemütlicher Rückzugsort für Ihre Katze.;Premium;https://images.unsplash.com/photo-1543852786-1cf6624b9987?w=800&h=800&fit=crop&q=80;https://images.unsplash.com/photo-1518791841217-8f162f1e1131?w=800&h=800&fit=crop&q=80;https://images.unsplash.com/photo-1571566882372-1598d88abd90?w=800&h=800&fit=crop&q=80;Katzennest Schlafbett W - Bild 1;Katzennest Schlafbett W - Bild 2;Katzennest Schlafbett W - Bild 3;https://amzn.to/PLATZHALTER89;https://zooplus.de/PLATZHALTER/katzennest-schlafbett-w;https://fressnapf.de/PLATZHALTER/katzennest-schlafbett-w;170,52;184,16;180,75;B098089XYZ;Ergonomisches Design;Katzennest Schlafbett W Test 2026 ab 170.52 EUR | katzenbett;Katzennest Schlafbett W ab 170.52 EUR bei 3 Shops. 4.1/5 aus 109 Bewertungen.
90;gemuetliches-katzenbett-x;Gemütliches Katzenbett X;Hobbydog;katzenbetten;Klassische Katzenbetten;172,29;206,75;4.1;110;Filz;40x40;Nein;Grau;Klassische Katzenbetten;Klassisches weiches Katzenbett in verschiedenen Formen und Größen. Gemütlicher Rückzugsort für Ihre Katze.;Premium;https://images.unsplash.com/photo-1518791841217-8f162f1e1131?w=800&h=800&fit=crop&q=80;https://images.unsplash.com/photo-1571566882372-1598d88abd90?w=800&h=800&fit=crop&q=80;https://images.unsplash.com/photo-1606214174585-fe31582dc6ee?w=800&h=800&fit=crop&q=80;Gemütliches Katzenbett X - Bild 1;Gemütliches Katzenbett X - Bild 2;Gemütliches Katzenbett X - Bild 3;https://amzn.to/PLATZHALTER90;https://zooplus.de/PLATZHALTER/gemuetliches-katzenbett-x;https://fressnapf.de/PLATZHALTER/gemuetliches-katzenbett-x;172,29;186,07;182,63;B099090XYZ;Maschinenwaschbar bis 30°C;Gemütliches Katzenbett X Test 2026 ab 172.29 EUR | katzenbet;Gemütliches Katzenbett X ab 172.29 EUR bei 3 Shops. 4.1/5 aus 110 Bewertungen.
91;weiches-katzenbett-liegebett-y;Weiches Katzenbett Liegebett Y;RAIKOU;katzenbetten;Klassische Katzenbetten;174,06;;4.1;111;Fleece;50x50;Ja;Beige;Klassische Katzenbetten;Klassisches weiches Katzenbett in verschiedenen Formen und Größen. Gemütlicher Rückzugsort für Ihre Katze.;Premium;https://images.unsplash.com/photo-1571566882372-1598d88abd90?w=800&h=800&fit=crop&q=80;https://images.unsplash.com/photo-1606214174585-fe31582dc6ee?w=800&h=800&fit=crop&q=80;https://images.unsplash.com/photo-1570824104453-508955ab713e?w=800&h=800&fit=crop&q=80;Weiches Katzenbett Liegebett Y - Bild 1;Weiches Katzenbett Liegebett Y - Bild 2;Weiches Katzenbett Liegebett Y - Bild 3;https://amzn.to/PLATZHALTER91;https://zooplus.de/PLATZHALTER/weiches-katzenbett-liegebett-y;https://fressnapf.de/PLATZHALTER/weiches-katzenbett-liegebett-y;174,06;187,98;184,50;B0100091XYZ;Rutschfester Boden;Weiches Katzenbett Liegebett Y Test 2026 ab 174.06 EUR | kat;Weiches Katzenbett Liegebett Y ab 174.06 EUR bei 3 Shops. 4.1/5 aus 111 Bewertungen.
92;klassisches-katzenbett-z;Klassisches Katzenbett Z;Capefine;katzenbetten;Klassische Katzenbetten;175,83;;4.1;112;Mikrofaser;60x60;Ja;Braun;Klassische Katzenbetten;Klassisches weiches Katzenbett in verschiedenen Formen und Größen. Gemütlicher Rückzugsort für Ihre Katze.;Premium;https://images.unsplash.com/photo-1606214174585-fe31582dc6ee?w=800&h=800&fit=crop&q=80;https://images.unsplash.com/photo-1570824104453-508955ab713e?w=800&h=800&fit=crop&q=80;https://images.unsplash.com/photo-1592194996308-7b43878e84a6?w=800&h=800&fit=crop&q=80;Klassisches Katzenbett Z - Bild 1;Klassisches Katzenbett Z - Bild 2;Klassisches Katzenbett Z - Bild 3;https://amzn.to/PLATZHALTER92;https://zooplus.de/PLATZHALTER/klassisches-katzenbett-z;https://fressnapf.de/PLATZHALTER/klassisches-katzenbett-z;175,83;189,90;186,38;B0101092XYZ;Hypoallergen;Klassisches Katzenbett Z Test 2026 ab 175.83 EUR | katzenbet;Klassisches Katzenbett Z ab 175.83 EUR bei 3 Shops. 4.1/5 aus 112 Bewertungen.
93;ovales-katzenbett-korb-a;Ovales Katzenbett Korb A;Bedsure;katzenbetten;Klassische Katzenbetten;177,60;213,12;4.1;113;Linen;70x70;Nein;Dunkelgrau;Klassische Katzenbetten;Klassisches weiches Katzenbett in verschiedenen Formen und Größen. Gemütlicher Rückzugsort für Ihre Katze.;Premium;https://images.unsplash.com/photo-1570824104453-508955ab713e?w=800&h=800&fit=crop&q=80;https://images.unsplash.com/photo-1592194996308-7b43878e84a6?w=800&h=800&fit=crop&q=80;https://images.unsplash.com/photo-1583795128727-6ec3642408f8?w=800&h=800&fit=crop&q=80;Ovales Katzenbett Korb A - Bild 1;Ovales Katzenbett Korb A - Bild 2;Ovales Katzenbett Korb A - Bild 3;https://amzn.to/PLATZHALTER93;https://zooplus.de/PLATZHALTER/ovales-katzenbett-korb-a;https://fressnapf.de/PLATZHALTER/ovales-katzenbett-korb-a;177,60;191,81;188,26;B0102093XYZ;Umweltfreundlich;Ovales Katzenbett Korb A Test 2026 ab 177.60 EUR | katzenbet;Ovales Katzenbett Korb A ab 177.60 EUR bei 3 Shops. 4.1/5 aus 113 Bewertungen.
94;katzennest-schlafbett-b;Katzennest Schlafbett B;ToKinCen;katzenbetten;Klassische Katzenbetten;179,37;;4.2;114;Memory Foam;80x80;Ja;Hellgrau;Klassische Katzenbetten;Klassisches weiches Katzenbett in verschiedenen Formen und Größen. Gemütlicher Rückzugsort für Ihre Katze.;Premium;https://images.unsplash.com/photo-1592194996308-7b43878e84a6?w=800&h=800&fit=crop&q=80;https://images.unsplash.com/photo-1583795128727-6ec3642408f8?w=800&h=800&fit=crop&q=80;https://images.unsplash.com/photo-1478098711619-5ab0b478d6e6?w=800&h=800&fit=crop&q=80;Katzennest Schlafbett B - Bild 1;Katzennest Schlafbett B - Bild 2;Katzennest Schlafbett B - Bild 3;https://amzn.to/PLATZHALTER94;https://zooplus.de/PLATZHALTER/katzennest-schlafbett-b;https://fressnapf.de/PLATZHALTER/katzennest-schlafbett-b;179,37;193,72;190,13;B0103094XYZ;Leicht zu reinigen;Katzennest Schlafbett B Test 2026 ab 179.37 EUR | katzenbett;Katzennest Schlafbett B ab 179.37 EUR bei 3 Shops. 4.2/5 aus 114 Bewertungen.
95;gemuetliches-katzenbett-c;Gemütliches Katzenbett C;PAWZ Road;katzenbetten;Klassische Katzenbetten;181,14;;4.2;115;Orthopädischer Schaum;90x90;Ja;Anthrazit;Klassische Katzenbetten;Klassisches weiches Katzenbett in verschiedenen Formen und Größen. Gemütlicher Rückzugsort für Ihre Katze.;Premium;https://images.unsplash.com/photo-1583795128727-6ec3642408f8?w=800&h=800&fit=crop&q=80;https://images.unsplash.com/photo-1478098711619-5ab0b478d6e6?w=800&h=800&fit=crop&q=80;https://images.unsplash.com/photo-1561948955-570b270e7c36?w=800&h=800&fit=crop&q=80;Gemütliches Katzenbett C - Bild 1;Gemütliches Katzenbett C - Bild 2;Gemütliches Katzenbett C - Bild 3;https://amzn.to/PLATZHALTER95;https://zooplus.de/PLATZHALTER/gemuetliches-katzenbett-c;https://fressnapf.de/PLATZHALTER/gemuetliches-katzenbett-c;181,14;195,63;192,01;B0104095XYZ;Ergonomisches Design;Gemütliches Katzenbett C Test 2026 ab 181.14 EUR | katzenbet;Gemütliches Katzenbett C ab 181.14 EUR bei 3 Shops. 4.2/5 aus 115 Bewertungen.
96;weiches-katzenbett-liegebett-d;Weiches Katzenbett Liegebett D;FUKUMARU;katzenbetten;Klassische Katzenbetten;182,91;219,49;4.2;116;Wildleder;100x100;Nein;Creme;Klassische Katzenbetten;Klassisches weiches Katzenbett in verschiedenen Formen und Größen. Gemütlicher Rückzugsort für Ihre Katze.;Premium;https://images.unsplash.com/photo-1478098711619-5ab0b478d6e6?w=800&h=800&fit=crop&q=80;https://images.unsplash.com/photo-1561948955-570b270e7c36?w=800&h=800&fit=crop&q=80;https://images.unsplash.com/photo-1494256997604-768d1f608cac?w=800&h=800&fit=crop&q=80;Weiches Katzenbett Liegebett D - Bild 1;Weiches Katzenbett Liegebett D - Bild 2;Weiches Katzenbett Liegebett D - Bild 3;https://amzn.to/PLATZHALTER96;https://zooplus.de/PLATZHALTER/weiches-katzenbett-liegebett-d;https://fressnapf.de/PLATZHALTER/weiches-katzenbett-liegebett-d;182,91;197,54;193,88;B0105096XYZ;Maschinenwaschbar bis 30°C;Weiches Katzenbett Liegebett D Test 2026 ab 182.91 EUR | kat;Weiches Katzenbett Liegebett D ab 182.91 EUR bei 3 Shops. 4.2/5 aus 116 Bewertungen.
97;klassisches-katzenbett-e;Klassisches Katzenbett E;Navaris;katzenbetten;Klassische Katzenbetten;184,68;;4.2;117;Korund;45x45;Ja;Schwarz;Klassische Katzenbetten;Klassisches weiches Katzenbett in verschiedenen Formen und Größen. Gemütlicher Rückzugsort für Ihre Katze.;Premium;https://images.unsplash.com/photo-1561948955-570b270e7c36?w=800&h=800&fit=crop&q=80;https://images.unsplash.com/photo-1494256997604-768d1f608cac?w=800&h=800&fit=crop&q=80;https://images.unsplash.com/photo-1585373683920-671438c82bfa?w=800&h=800&fit=crop&q=80;Klassisches Katzenbett E - Bild 1;Klassisches Katzenbett E - Bild 2;Klassisches Katzenbett E - Bild 3;https://amzn.to/PLATZHALTER97;https://zooplus.de/PLATZHALTER/klassisches-katzenbett-e;https://fressnapf.de/PLATZHALTER/klassisches-katzenbett-e;184,68;199,45;195,76;B0106097XYZ;Rutschfester Boden;Klassisches Katzenbett E Test 2026 ab 184.68 EUR | katzenbet;Klassisches Katzenbett E ab 184.68 EUR bei 3 Shops. 4.2/5 aus 117 Bewertungen.
98;ovales-katzenbett-korb-f;Ovales Katzenbett Korb F;FEANDREA;katzenbetten;Klassische Katzenbetten;186,45;;4.2;118;Sisal;55x55;Ja;Navy;Klassische Katzenbetten;Klassisches weiches Katzenbett in verschiedenen Formen und Größen. Gemütlicher Rückzugsort für Ihre Katze.;Premium;https://images.unsplash.com/photo-1494256997604-768d1f608cac?w=800&h=800&fit=crop&q=80;https://images.unsplash.com/photo-1585373683920-671438c82bfa?w=800&h=800&fit=crop&q=80;https://images.unsplash.com/photo-1618826411640-d6df44dd3f7a?w=800&h=800&fit=crop&q=80;Ovales Katzenbett Korb F - Bild 1;Ovales Katzenbett Korb F - Bild 2;Ovales Katzenbett Korb F - Bild 3;https://amzn.to/PLATZHALTER98;https://zooplus.de/PLATZHALTER/ovales-katzenbett-korb-f;https://fressnapf.de/PLATZHALTER/ovales-katzenbett-korb-f;186,45;201,37;197,64;B0107098XYZ;Hypoallergen;Ovales Katzenbett Korb F Test 2026 ab 186.45 EUR | katzenbet;Ovales Katzenbett Korb F ab 186.45 EUR bei 3 Shops. 4.2/5 aus 118 Bewertungen.
99;katzennest-schlafbett-g;Katzennest Schlafbett G;CheerPals;katzenbetten;Klassische Katzenbetten;188,22;225,86;4.2;119;Plüsch;40x40;Nein;Taupe;Klassische Katzenbetten;Klassisches weiches Katzenbett in verschiedenen Formen und Größen. Gemütlicher Rückzugsort für Ihre Katze.;Premium;https://images.unsplash.com/photo-1585373683920-671438c82bfa?w=800&h=800&fit=crop&q=80;https://images.unsplash.com/photo-1618826411640-d6df44dd3f7a?w=800&h=800&fit=crop&q=80;https://images.unsplash.com/photo-1501820488136-72669149e0d4?w=800&h=800&fit=crop&q=80;Katzennest Schlafbett G - Bild 1;Katzennest Schlafbett G - Bild 2;Katzennest Schlafbett G - Bild 3;https://amzn.to/PLATZHALTER99;https://zooplus.de/PLATZHALTER/katzennest-schlafbett-g;https://fressnapf.de/PLATZHALTER/katzennest-schlafbett-g;188,22;203,28;199,51;B0108099XYZ;Umweltfreundlich;Katzennest Schlafbett G Test 2026 ab 188.22 EUR | katzenbett;Katzennest Schlafbett G ab 188.22 EUR bei 3 Shops. 4.2/5 aus 119 Bewertungen.
100;gemuetliches-katzenbett-h;Gemütliches Katzenbett H;COZY KISS;katzenbetten;Klassische Katzenbetten;12,99;;3.5;120;Baumwolle;50x50;Ja;Grau;Klassische Katzenbetten;Klassisches weiches Katzenbett in verschiedenen Formen und Größen. Gemütlicher Rückzugsort für Ihre Katze.;Preis-Tipp;https://images.unsplash.com/photo-1618826411640-d6df44dd3f7a?w=800&h=800&fit=crop&q=80;https://images.unsplash.com/photo-1501820488136-72669149e0d4?w=800&h=800&fit=crop&q=80;https://images.unsplash.com/photo-1497752531616-c3afd9760a11?w=800&h=800&fit=crop&q=80;Gemütliches Katzenbett H - Bild 1;Gemütliches Katzenbett H - Bild 2;Gemütliches Katzenbett H - Bild 3;https://amzn.to/PLATZHALTER100;https://zooplus.de/PLATZHALTER/gemuetliches-katzenbett-h;https://fressnapf.de/PLATZHALTER/gemuetliches-katzenbett-h;12,99;14,03;13,77;B009100XYZ;Leicht zu reinigen;Gemütliches Katzenbett H Test 2026 ab 12.99 EUR | katzenbett;Gemütliches Katzenbett H ab 12.99 EUR bei 3 Shops. 3.5/5 aus 120 Bewertungen.
